species	exp_treatment	exp_ratio	replicate	transfer_cycle	plating_condition	count_type	N	NMLE	sampling_vol	type	CFU_ml	CFU_ml_stdev	detected	LOD	day	treatment	species_label	day_label	cycle_label
1287	R2A	1S_1R	A	5	no_str	Sens. + Res.	300	5000	0.1	ML_estimator	8064690964.941805	901669634.6674331	TRUE	100000000	10	R2A	C. koseri 1287	Day 10	C5
1287	R2A	1S_1R	B	5	no_str	Sens. + Res.	300	5000	0.1	ML_estimator	6745295091.249781	824075202.384541	TRUE	100000000	10	R2A	C. koseri 1287	Day 10	C5
1287	R2A	1S_4R	A	5	no_str	Sens. + Res.	300	5000	0.1	ML_estimator	7252343101.44088	854704323.4472895	TRUE	100000000	10	R2A	C. koseri 1287	Day 10	C5
1287	R2A	4S_1R	A	5	no_str	Sens. + Res.	300	5000	0.1	ML_estimator	5732739054.63905	759323996.3402734	TRUE	100000000	10	R2A	C. koseri 1287	Day 10	C5
1287	R2A_512str	1S_1R	A	5	no_str	Sens. + Res.	300	5000	0.1	ML_estimator	8471360365.1560135	924312248.4464636	TRUE	100000000	10	R2A + Str	C. koseri 1287	Day 10	C5
1287	R2A_512str	1S_1R	B	5	no_str	Sens. + Res.	300	5000	0.1	ML_estimator	5126188232.175659	717813072.5985498	TRUE	100000000	10	R2A + Str	C. koseri 1287	Day 10	C5
1287	R2A_512str	1S_4R	A	5	no_str	Sens. + Res.	300	5000	0.1	ML_estimator	4419474333.60219	666262993.2014602	TRUE	100000000	10	R2A + Str	C. koseri 1287	Day 10	C5
1287	R2A_512str	4S_1R	A	5	no_str	Sens. + Res.	300	5000	0.1	ML_estimator	4520372326.074545	673859615.2235748	TRUE	100000000	10	R2A + Str	C. koseri 1287	Day 10	C5
1287	M9	1S_1R	A	5	no_str	Sens. + Res.	300	5000	0.1	ML_estimator	2396171345.419615	149191744.25250763	TRUE	10000000	10	M9MM	C. koseri 1287	Day 10	C5
1287	M9	1S_1R	B	5	no_str	Sens. + Res.	300	5000	0.1	ML_estimator	2908442660.7823873	540085004.8951224	TRUE	100000000	10	M9MM	C. koseri 1287	Day 10	C5
1287	M9	1S_4R	A	5	no_str	Sens. + Res.	300	5000	0.1	ML_estimator	1401963666.3671105	374690673.3318989	TRUE	100000000	10	M9MM	C. koseri 1287	Day 10	C5
1287	M9	4S_1R	A	5	no_str	Sens. + Res.	300	5000	0.1	ML_estimator	4318596697.831779	658581869.380432	TRUE	100000000	10	M9MM	C. koseri 1287	Day 10	C5
1977	R2A	1S_1R	A	5	no_str	Sens. + Res.	300	5000	0.1	ML_estimator	3109649906.9584346	558510510.8613467	TRUE	100000000	10	R2A	P. chlororaphis 1977	Day 10	C5
1977	R2A	1S_1R	B	5	no_str	Sens. + Res.	300	5000	0.1	ML_estimator	6745295091.249781	824075202.384541	TRUE	100000000	10	R2A	P. chlororaphis 1977	Day 10	C5
1977	R2A	1S_4R	A	5	no_str	Sens. + Res.	300	5000	0.1	ML_estimator	2908442660.7823873	540085004.8951224	TRUE	100000000	10	R2A	P. chlororaphis 1977	Day 10	C5
1977	R2A	4S_1R	A	5	no_str	Sens. + Res.	300	5000	0.1	ML_estimator	4823188525.902748	696169997.6224673	TRUE	100000000	10	R2A	P. chlororaphis 1977	Day 10	C5
1977	R2A_10str	1S_1R	A	5	no_str	Sens. + Res.	300	5000	0.1	ML_estimator	4116902463.5517554	642953961.2833128	TRUE	100000000	10	R2A + Str	P. chlororaphis 1977	Day 10	C5
1977	R2A_10str	1S_1R	B	5	no_str	Sens. + Res.	300	5000	0.1	ML_estimator	3109649906.9584346	558510510.8613467	TRUE	100000000	10	R2A + Str	P. chlororaphis 1977	Day 10	C5
1977	R2A_10str	1S_4R	A	5	no_str	Sens. + Res.	300	5000	0.1	ML_estimator	2868408981.062404	163730183.99596328	TRUE	10000000	10	R2A + Str	P. chlororaphis 1977	Day 10	C5
1977	R2A_10str	4S_1R	A	5	no_str	Sens. + Res.	300	5000	0.1	ML_estimator	5227228951.929515	724889532.4644184	TRUE	100000000	10	R2A + Str	P. chlororaphis 1977	Day 10	C5
1977	M9	1S_1R	A	5	no_str	Sens. + Res.	300	5000	0.1	ML_estimator	2453698626.8790364	151028273.6982689	TRUE	10000000	10	M9MM	P. chlororaphis 1977	Day 10	C5
1977	M9	1S_1R	B	5	no_str	Sens. + Res.	300	5000	0.1	ML_estimator	2607449164.9691043	155841113.41821453	TRUE	10000000	10	M9MM	P. chlororaphis 1977	Day 10	C5
1977	M9	1S_4R	A	5	no_str	Sens. + Res.	300	5000	0.1	ML_estimator	4217739410.5505595	650813249.8992355	TRUE	100000000	10	M9MM	P. chlororaphis 1977	Day 10	C5
1977	M9	4S_1R	A	5	no_str	Sens. + Res.	300	5000	0.1	ML_estimator	2719295239.7114787	159151935.9028613	TRUE	10000000	10	M9MM	P. chlororaphis 1977	Day 10	C5
1287	R2A	1S_1R	A	1	no_str	Sens. + Res.	300	5000	0.1	ML_estimator	7963075275.12962	895925433.0745132	TRUE	100000000	2	R2A	C. koseri 1287	Day 2	C1
1287	R2A	1S_1R	B	1	no_str	Sens. + Res.	300	5000	0.1	ML_estimator	7455306367.877076	866669789.8066672	TRUE	100000000	2	R2A	C. koseri 1287	Day 2	C1
1287	R2A	1S_4R	A	1	no_str	Sens. + Res.	300	5000	0.1	ML_estimator	3613022545.869837	602171734.4277833	TRUE	100000000	2	R2A	C. koseri 1287	Day 2	C1
1287	R2A	4S_1R	A	1	no_str	Sens. + Res.	300	5000	0.1	ML_estimator	2506270911.772144	501254707.11708605	TRUE	100000000	2	R2A	C. koseri 1287	Day 2	C1
1287	R2A_512str	1S_1R	A	1	no_str	Sens. + Res.	300	5000	0.1	ML_estimator	4520372326.074545	673859615.2235748	TRUE	100000000	2	R2A + Str	C. koseri 1287	Day 2	C1
1287	R2A_512str	1S_1R	B	1	no_str	Sens. + Res.	300	5000	0.1	ML_estimator	8064690964.941805	901669634.6674331	TRUE	100000000	2	R2A + Str	C. koseri 1287	Day 2	C1
1287	R2A_512str	1S_4R	A	1	no_str	Sens. + Res.	300	5000	0.1	ML_estimator	4722229413.999872	688810513.3335418	TRUE	100000000	2	R2A + Str	C. koseri 1287	Day 2	C1
1287	R2A_512str	4S_1R	A	1	no_str	Sens. + Res.	300	5000	0.1	ML_estimator	2204854244.3500376	470076885.22549003	TRUE	100000000	2	R2A + Str	C. koseri 1287	Day 2	C1
1287	M9	1S_1R	A	1	no_str	Sens. + Res.	300	5000	0.1	ML_estimator	2405778498.6110377	491077953.35374105	TRUE	100000000	2	M9MM	C. koseri 1287	Day 2	C1
1287	M9	1S_1R	B	1	no_str	Sens. + Res.	300	5000	0.1	ML_estimator	2908442660.7823873	540085004.8951224	TRUE	100000000	2	M9MM	C. koseri 1287	Day 2	C1
1287	M9	1S_4R	A	1	no_str	Sens. + Res.	300	5000	0.1	ML_estimator	3210283901.461365	567504353.8391622	TRUE	100000000	2	M9MM	C. koseri 1287	Day 2	C1
1287	M9	4S_1R	A	1	no_str	Sens. + Res.	300	5000	0.1	ML_estimator	5025167926.750798	710669054.51871	TRUE	100000000	2	M9MM	C. koseri 1287	Day 2	C1
1977	R2A	1S_1R	A	1	no_str	Sens. + Res.	300	5000	0.1	ML_estimator	2988236287.2757773	167069656.25663707	TRUE	10000000	2	R2A	P. chlororaphis 1977	Day 2	C1
1977	R2A	1S_1R	B	1	no_str	Sens. + Res.	300	5000	0.1	ML_estimator	2797813010.7125716	161550936.53269804	TRUE	10000000	2	R2A	P. chlororaphis 1977	Day 2	C1
1977	R2A	1S_4R	A	1	no_str	Sens. + Res.	300	5000	0.1	ML_estimator	2636135084.4053297	156718654.67548484	TRUE	10000000	2	R2A	P. chlororaphis 1977	Day 2	C1
1977	R2A	4S_1R	A	1	no_str	Sens. + Res.	300	5000	0.1	ML_estimator	1981814639.2386956	135482312.56915948	TRUE	10000000	2	R2A	P. chlororaphis 1977	Day 2	C1
1977	R2A_10str	1S_1R	A	1	no_str	Sens. + Res.	300	5000	0.1	ML_estimator	2161079245.5051227	141587186.01343158	TRUE	10000000	2	R2A + Str	P. chlororaphis 1977	Day 2	C1
1977	R2A_10str	1S_1R	B	1	no_str	Sens. + Res.	300	5000	0.1	ML_estimator	1587015559.659076	121013530.7485588	TRUE	10000000	2	R2A + Str	P. chlororaphis 1977	Day 2	C1
1977	R2A_10str	1S_4R	A	1	no_str	Sens. + Res.	300	5000	0.1	ML_estimator	2236021122.4007797	144045650.81438497	TRUE	10000000	2	R2A + Str	P. chlororaphis 1977	Day 2	C1
1977	R2A_10str	4S_1R	A	1	no_str	Sens. + Res.	300	5000	0.1	ML_estimator	2662807704.4602003	157471666.89468813	TRUE	10000000	2	R2A + Str	P. chlororaphis 1977	Day 2	C1
1977	M9	1S_1R	A	1	no_str	Sens. + Res.	300	5000	0.1	ML_estimator	1783826030.0893803	128408893.10277256	TRUE	10000000	2	M9MM	P. chlororaphis 1977	Day 2	C1
1977	M9	1S_1R	B	1	no_str	Sens. + Res.	300	5000	0.1	ML_estimator	1961278466.8857539	134708785.7390173	TRUE	10000000	2	M9MM	P. chlororaphis 1977	Day 2	C1
1977	M9	1S_4R	A	1	no_str	Sens. + Res.	300	5000	0.1	ML_estimator	2151601878.15308	141269645.85472882	TRUE	10000000	2	M9MM	P. chlororaphis 1977	Day 2	C1
1977	M9	4S_1R	A	1	no_str	Sens. + Res.	300	5000	0.1	ML_estimator	2331586274.6637187	147180703.2157272	TRUE	10000000	2	M9MM	P. chlororaphis 1977	Day 2	C1
1287	R2A_512str	1S_1R	A	5	str	Res. only	100	500	0.03	ML_estimator	9033445.782506034	5215468.738213824	TRUE	3333333.333333333	10	R2A + Str	C. koseri 1287	Day 10	C5
1287	R2A_512str	1S_1R	B	5	str	Res. only	100	500	0.03	ML_estimator	18071834.243751097	7377813.687656051	TRUE	3333333.333333333	10	R2A + Str	C. koseri 1287	Day 10	C5
1287	R2A_512str	4S_1R	A	5	str	Res. only	100	500	0.03	ML_estimator	12045692.48171125	6022856.105081752	TRUE	3333333.333333333	10	R2A + Str	C. koseri 1287	Day 10	C5
1977	R2A	1S_1R	A	5	str	Res. only	100	500	0.03	ML_estimator	60966192.761947915	13633064.69666583	TRUE	3333333.333333333	10	R2A	P. chlororaphis 1977	Day 10	C5
1977	R2A	1S_1R	B	5	str	Res. only	100	500	0.03	ML_estimator	58008419.75839997	13308680.915497892	TRUE	3333333.333333333	10	R2A	P. chlororaphis 1977	Day 10	C5
1977	R2A	1S_4R	A	5	str	Res. only	100	500	0.03	ML_estimator	3003030.0581305767	3003030.058175041	TRUE	3333333.333333333	10	R2A	P. chlororaphis 1977	Day 10	C5
1977	R2A	4S_1R	A	5	str	Res. only	100	500	0.03	ML_estimator	961992957.3329122	172798424.24676073	TRUE	33333333.333333336	10	R2A	P. chlororaphis 1977	Day 10	C5
1977	R2A_10str	1S_1R	A	5	str	Res. only	100	500	0.03	ML_estimator	33337375.353424635	10051749.354120689	TRUE	3333333.333333333	10	R2A + Str	P. chlororaphis 1977	Day 10	C5
1977	R2A_10str	1S_1R	B	5	str	Res. only	100	500	0.03	ML_estimator	9026100.167744275	5211225.628414102	TRUE	3333333.333333333	10	R2A + Str	P. chlororaphis 1977	Day 10	C5
1977	R2A_10str	1S_4R	A	5	str	Res. only	100	500	0.03	ML_estimator	27203953.134158295	9068062.894480616	TRUE	3333333.333333333	10	R2A + Str	P. chlororaphis 1977	Day 10	C5
1977	R2A_10str	4S_1R	A	5	str	Res. only	100	500	0.03	ML_estimator	6011967.099417284	4251103.868172957	TRUE	3333333.333333333	10	R2A + Str	P. chlororaphis 1977	Day 10	C5
1977	M9	1S_1R	A	5	str	Res. only	100	500	0.03	ML_estimator	3005711.6659787376	3005712.0732963677	TRUE	3333333.333333333	10	M9MM	P. chlororaphis 1977	Day 10	C5
1977	M9	1S_1R	B	5	str	Res. only	100	500	0.03	ML_estimator	3005711.6659787376	3005712.0732963677	TRUE	3333333.333333333	10	M9MM	P. chlororaphis 1977	Day 10	C5
1977	M9	1S_4R	A	5	str	Res. only	100	500	0.03	ML_estimator	6011967.099417284	4251103.868172957	TRUE	3333333.333333333	10	M9MM	P. chlororaphis 1977	Day 10	C5
1287	R2A	1S_1R	A	1	str	Res. only	100	500	0.03	ML_estimator	460858855.5085018	118997035.82075638	TRUE	33333333.333333336	2	R2A	C. koseri 1287	Day 2	C1
1287	R2A	1S_1R	B	1	str	Res. only	100	500	0.03	ML_estimator	213306579.99604544	80622781.52132565	TRUE	33333333.333333336	2	R2A	C. koseri 1287	Day 2	C1
1287	R2A	1S_4R	A	1	str	Res. only	100	500	0.03	ML_estimator	615289211.5663685	137589116.26374465	TRUE	33333333.333333336	2	R2A	C. koseri 1287	Day 2	C1
1287	R2A	4S_1R	A	1	str	Res. only	100	500	0.03	ML_estimator	60716521.30881356	42933087.68840882	TRUE	33333333.333333336	2	R2A	C. koseri 1287	Day 2	C1
1287	R2A_512str	1S_1R	A	1	str	Res. only	100	500	0.03	ML_estimator	2012096872.3782227	821440096.8169154	TRUE	333333333.3333334	2	R2A + Str	C. koseri 1287	Day 2	C1
1287	R2A_512str	1S_1R	B	1	str	Res. only	100	500	0.03	ML_estimator	6110664061.931914	1440378004.789195	TRUE	333333333.3333334	2	R2A + Str	C. koseri 1287	Day 2	C1
1287	R2A_512str	1S_4R	A	1	str	Res. only	100	500	0.03	ML_estimator	3027328437.945188	1009123351.67719	TRUE	333333333.3333334	2	R2A + Str	C. koseri 1287	Day 2	C1
1287	R2A_512str	4S_1R	A	1	str	Res. only	100	500	0.03	ML_estimator	3027328437.945188	1009123351.67719	TRUE	333333333.3333334	2	R2A + Str	C. koseri 1287	Day 2	C1
1287	M9	1S_1R	A	1	str	Res. only	100	500	0.03	ML_estimator	336711788.62532395	101524150.64552888	TRUE	33333333.333333336	2	M9MM	C. koseri 1287	Day 2	C1
1287	M9	1S_1R	B	1	str	Res. only	100	500	0.03	ML_estimator	213482638.20911828	80689404.45565517	TRUE	33333333.333333336	2	M9MM	C. koseri 1287	Day 2	C1
1287	M9	1S_4R	A	1	str	Res. only	100	500	0.03	ML_estimator	460091609.26104003	118798416.85188195	TRUE	33333333.333333336	2	M9MM	C. koseri 1287	Day 2	C1
1287	M9	4S_1R	A	1	str	Res. only	100	500	0.03	ML_estimator	244204613.11526355	86340141.3062988	TRUE	33333333.333333336	2	M9MM	C. koseri 1287	Day 2	C1
1977	R2A	1S_1R	A	1	str	Res. only	100	500	0.03	ML_estimator	305818977.8032761	96709808.86427662	TRUE	33333333.333333336	2	R2A	P. chlororaphis 1977	Day 2	C1
1977	R2A	1S_1R	B	1	str	Res. only	100	500	0.03	ML_estimator	274755972.8815156	91586247.29470548	TRUE	33333333.333333336	2	R2A	P. chlororaphis 1977	Day 2	C1
1977	R2A	1S_4R	A	1	str	Res. only	100	500	0.03	ML_estimator	585446955.3601918	134317288.3966975	TRUE	33333333.333333336	2	R2A	P. chlororaphis 1977	Day 2	C1
1977	R2A	4S_1R	A	1	str	Res. only	100	500	0.03	ML_estimator	30330611.950033147	30330616.13541236	TRUE	33333333.333333336	2	R2A	P. chlororaphis 1977	Day 2	C1
1977	R2A_10str	1S_1R	A	1	str	Res. only	100	500	0.03	ML_estimator	1616215622.6159685	226397250.88630608	TRUE	33333333.333333336	2	R2A + Str	P. chlororaphis 1977	Day 2	C1
1977	R2A_10str	1S_1R	B	1	str	Res. only	100	500	0.03	ML_estimator	616836891.2366298	137936404.4539629	TRUE	33333333.333333336	2	R2A + Str	P. chlororaphis 1977	Day 2	C1
1977	R2A_10str	1S_4R	A	1	str	Res. only	100	500	0.03	ML_estimator	1714842600.5565376	233454026.95617375	TRUE	33333333.333333336	2	R2A + Str	P. chlororaphis 1977	Day 2	C1
1977	R2A_10str	4S_1R	A	1	str	Res. only	100	500	0.03	ML_estimator	336432697.1322738	101439842.10007302	TRUE	33333333.333333336	2	R2A + Str	P. chlororaphis 1977	Day 2	C1
1977	M9	1S_1R	A	1	str	Res. only	100	500	0.03	ML_estimator	336432697.1322738	101439842.10007302	TRUE	33333333.333333336	2	M9MM	P. chlororaphis 1977	Day 2	C1
1977	M9	1S_1R	B	1	str	Res. only	100	500	0.03	ML_estimator	367356835.3290527	106048753.45848349	TRUE	33333333.333333336	2	M9MM	P. chlororaphis 1977	Day 2	C1
1977	M9	1S_4R	A	1	str	Res. only	100	500	0.03	ML_estimator	1059901624.3564355	181798692.14381766	TRUE	33333333.333333336	2	M9MM	P. chlororaphis 1977	Day 2	C1
1977	M9	4S_1R	A	1	str	Res. only	100	500	0.03	ML_estimator	182817189.50957015	74635179.25331776	TRUE	33333333.333333336	2	M9MM	P. chlororaphis 1977	Day 2	C1
1287	R2A	1S_1R	A	5	str	Res. only	100	500	0.03	detection_limit	3333333.333333333	3333333.333333333	FALSE	3333333.333333333	10	R2A	C. koseri 1287	Day 10	C5
1287	R2A	1S_1R	B	5	str	Res. only	100	500	0.03	detection_limit	3333333.333333333	3333333.333333333	FALSE	3333333.333333333	10	R2A	C. koseri 1287	Day 10	C5
1287	R2A	1S_4R	A	5	str	Res. only	100	500	0.03	detection_limit	3333333.333333333	3333333.333333333	FALSE	3333333.333333333	10	R2A	C. koseri 1287	Day 10	C5
1287	R2A	4S_1R	A	5	str	Res. only	100	500	0.03	detection_limit	3333333.333333333	3333333.333333333	FALSE	3333333.333333333	10	R2A	C. koseri 1287	Day 10	C5
1287	R2A_512str	1S_4R	A	5	str	Res. only	100	500	0.03	detection_limit	3333333.333333333	3333333.333333333	FALSE	3333333.333333333	10	R2A + Str	C. koseri 1287	Day 10	C5
1287	M9	1S_1R	A	5	str	Res. only	100	500	0.03	detection_limit	3333333.333333333	3333333.333333333	FALSE	3333333.333333333	10	M9MM	C. koseri 1287	Day 10	C5
1287	M9	1S_1R	B	5	str	Res. only	100	500	0.03	detection_limit	3333333.333333333	3333333.333333333	FALSE	3333333.333333333	10	M9MM	C. koseri 1287	Day 10	C5
1287	M9	1S_4R	A	5	str	Res. only	100	500	0.03	detection_limit	3333333.333333333	3333333.333333333	FALSE	3333333.333333333	10	M9MM	C. koseri 1287	Day 10	C5
1287	M9	4S_1R	A	5	str	Res. only	100	500	0.03	detection_limit	3333333.333333333	3333333.333333333	FALSE	3333333.333333333	10	M9MM	C. koseri 1287	Day 10	C5
1977	M9	4S_1R	A	5	str	Res. only	100	500	0.03	detection_limit	3333333.333333333	3333333.333333333	FALSE	3333333.333333333	10	M9MM	P. chlororaphis 1977	Day 10	C5
