species	treatment	day	f_evo_mean	f_evo_lower	f_evo_upper
1287	M9MM	2	0.10565963190331777	0.03307361773052175	0.2596213423595638
1287	R2A	2	0.08967244543263374	0.027579283871119256	0.2199931446844772
1287	R2A + Str	2	0.9698011752247782	0.3147660196959849	2.3166204909654815
1287	R2A + Str	10	0.0032279446311472616	8.232299464593844e-4	0.008794450738187047
1977	M9MM	2	0.24030822720920367	0.07982815755506992	0.5683399821444589
1977	M9MM	10	0.001964821725901879	3.691437526467826e-4	0.006398941735089635
1977	R2A	2	0.13927768417997669	0.04181666715044745	0.33853472289757314
1977	R2A	10	0.03905968086222737	0.011600577508342582	0.09518532272336538
1977	R2A + Str	2	0.47751636112335305	0.1602625234546027	1.0799483344371597
1977	R2A + Str	10	0.006167431552472007	0.0018300547981758815	0.015327595512863135
