species	species_label	treatment	exp_ratio	replicate	interval	generations	s	detected_str	censored
1287	C. koseri 1287	R2A	1S_1R	A	inoculum to day 2	9.965784284662087	-0.27994404383433125	TRUE	FALSE
1287	C. koseri 1287	R2A	1S_1R	B	inoculum to day 2	9.965784284662087	-0.3537024369379023	TRUE	FALSE
1287	C. koseri 1287	R2A	1S_4R	A	inoculum to day 2	9.965784284662087	-0.2980009985321235	TRUE	FALSE
1287	C. koseri 1287	R2A	4S_1R	A	inoculum to day 2	9.965784284662087	-0.23174462269452697	TRUE	FALSE
1287	C. koseri 1287	R2A + Str	1S_1R	A	inoculum to day 2	9.965784284662087	-0.022117481382550448	TRUE	FALSE
1287	C. koseri 1287	R2A + Str	1S_1R	B	inoculum to day 2	9.965784284662087	0.11440576049537472	TRUE	FALSE
1287	C. koseri 1287	R2A + Str	1S_4R	A	inoculum to day 2	9.965784284662087	-0.08090062247648257	TRUE	FALSE
1287	C. koseri 1287	R2A + Str	4S_1R	A	inoculum to day 2	9.965784284662087	NA	TRUE	TRUE
1287	C. koseri 1287	M9MM	1S_1R	A	inoculum to day 2	9.965784284662087	-0.18218592036315284	TRUE	FALSE
1287	C. koseri 1287	M9MM	1S_1R	B	inoculum to day 2	9.965784284662087	-0.25442886052756336	TRUE	FALSE
1287	C. koseri 1287	M9MM	1S_4R	A	inoculum to day 2	9.965784284662087	-0.31851932200007926	TRUE	FALSE
1287	C. koseri 1287	M9MM	4S_1R	A	inoculum to day 2	9.965784284662087	-0.15935489636581174	TRUE	FALSE
1977	P. chlororaphis 1977	R2A	1S_1R	A	inoculum to day 2	9.965784284662087	-0.21789356813158733	TRUE	FALSE
1977	P. chlororaphis 1977	R2A	1S_1R	B	inoculum to day 2	9.965784284662087	-0.22249560695039322	TRUE	FALSE
1977	P. chlororaphis 1977	R2A	1S_4R	A	inoculum to day 2	9.965784284662087	-0.2648912912880905	TRUE	FALSE
1977	P. chlororaphis 1977	R2A	4S_1R	A	inoculum to day 2	9.965784284662087	-0.26911612730021406	TRUE	FALSE
1977	P. chlororaphis 1977	R2A + Str	1S_1R	A	inoculum to day 2	9.965784284662087	0.10910402019952795	TRUE	FALSE
1977	P. chlororaphis 1977	R2A + Str	1S_1R	B	inoculum to day 2	9.965784284662087	-0.04544304840385113	TRUE	FALSE
1977	P. chlororaphis 1977	R2A + Str	1S_4R	A	inoculum to day 2	9.965784284662087	-0.019598098213619256	TRUE	FALSE
1977	P. chlororaphis 1977	R2A + Str	4S_1R	A	inoculum to day 2	9.965784284662087	-0.05492533722392703	TRUE	FALSE
1977	P. chlororaphis 1977	M9MM	1S_1R	A	inoculum to day 2	9.965784284662087	-0.14641310246789627	TRUE	FALSE
1977	P. chlororaphis 1977	M9MM	1S_1R	B	inoculum to day 2	9.965784284662087	-0.14726578185452507	TRUE	FALSE
1977	P. chlororaphis 1977	M9MM	1S_4R	A	inoculum to day 2	9.965784284662087	-0.14207156916643268	TRUE	FALSE
1977	P. chlororaphis 1977	M9MM	4S_1R	A	inoculum to day 2	9.965784284662087	-0.10815700577235267	TRUE	FALSE
1287	C. koseri 1287	R2A	1S_1R	A	day 2 to day 10	39.86313713864835	-0.12545431353316353	FALSE	FALSE
1287	C. koseri 1287	R2A	1S_1R	B	day 2 to day 10	39.86313713864835	-0.1025310982810334	FALSE	FALSE
1287	C. koseri 1287	R2A	1S_4R	A	day 2 to day 10	39.86313713864835	-0.15305187904302492	FALSE	FALSE
1287	C. koseri 1287	R2A	4S_1R	A	day 2 to day 10	39.86313713864835	-0.09416175634561048	FALSE	FALSE
1287	C. koseri 1287	R2A + Str	1S_1R	A	day 2 to day 10	39.86313713864835	-0.16611907651808178	TRUE	FALSE
1287	C. koseri 1287	R2A + Str	1S_1R	B	day 2 to day 10	39.86313713864835	-0.1701916862078242	TRUE	FALSE
1287	C. koseri 1287	R2A + Str	1S_4R	A	day 2 to day 10	39.86313713864835	-0.19489446840404345	FALSE	FALSE
1287	C. koseri 1287	R2A + Str	4S_1R	A	day 2 to day 10	39.86313713864835	NA	TRUE	TRUE
1287	C. koseri 1287	M9MM	1S_1R	A	day 2 to day 10	39.86313713864835	-0.11942454479413309	FALSE	FALSE
1287	C. koseri 1287	M9MM	1S_1R	B	day 2 to day 10	39.86313713864835	-0.10623023330920897	FALSE	FALSE
1287	C. koseri 1287	M9MM	1S_4R	A	day 2 to day 10	39.86313713864835	-0.10664678476341094	FALSE	FALSE
1287	C. koseri 1287	M9MM	4S_1R	A	day 2 to day 10	39.86313713864835	-0.10514852191362546	FALSE	FALSE
1977	P. chlororaphis 1977	R2A	1S_1R	A	day 2 to day 10	39.86313713864835	-0.043666041905904375	TRUE	FALSE
1977	P. chlororaphis 1977	R2A	1S_1R	B	day 2 to day 10	39.86313713864835	-0.06346796266671817	TRUE	FALSE
1977	P. chlororaphis 1977	R2A	1S_4R	A	day 2 to day 10	39.86313713864835	-0.13839097441215403	TRUE	FALSE
1977	P. chlororaphis 1977	R2A	4S_1R	A	day 2 to day 10	39.86313713864835	0.06719297095180318	TRUE	FALSE
1977	P. chlororaphis 1977	R2A + Str	1S_1R	A	day 2 to day 10	39.86313713864835	-0.14788985725859038	TRUE	FALSE
1977	P. chlororaphis 1977	R2A + Str	1S_1R	B	day 2 to day 10	39.86313713864835	-0.13512139204773066	TRUE	FALSE
1977	P. chlororaphis 1977	R2A + Str	1S_4R	A	day 2 to day 10	39.86313713864835	-0.1464913604224827	TRUE	FALSE
1977	P. chlororaphis 1977	R2A + Str	4S_1R	A	day 2 to day 10	39.86313713864835	-0.12124147060238423	TRUE	FALSE
1977	P. chlororaphis 1977	M9MM	1S_1R	A	day 2 to day 10	39.86313713864835	-0.12896371336709522	TRUE	FALSE
1977	P. chlororaphis 1977	M9MM	1S_1R	B	day 2 to day 10	39.86313713864835	-0.1302771692973185	TRUE	FALSE
1977	P. chlororaphis 1977	M9MM	1S_4R	A	day 2 to day 10	39.86313713864835	-0.16361772756058485	TRUE	FALSE
1977	P. chlororaphis 1977	M9MM	4S_1R	A	day 2 to day 10	39.86313713864835	-0.10633294851720593	FALSE	FALSE
