y0	mumax	r2	strain	evolution	competition_pair	replicate	culture_type	joined_well_pair	media	plate_name	streptomycin
0.03909288887165715	0.03372818328992194	0.9997843612989628	H1287	anc	NA	a	diffusion_test_M9_start	B01B02	M9	plate01	NA
0.13448622091451645	0.0022404141975418024	0.9861294923775125	NA	NA	NA	a	diffusion_test_M9_start	B01B02	R2A	plate01	NA
0.05968766027938412	0.03747447960257239	0.9999642719483396	H1287	evo	NA	a	diffusion_test_M9_start	B03B04	M9	plate01	NA
0.1426485242958116	0.0013763398067499547	0.9975870196629747	NA	NA	NA	a	diffusion_test_M9_start	B03B04	R2A	plate01	NA
0.04813285469497792	0.10869225447860695	0.9998891423305241	H1977	anc	NA	a	diffusion_test_M9_start	B05B06	M9	plate01	NA
0.14202441895997767	0.0013037415638468435	0.9894845040546411	NA	NA	NA	a	diffusion_test_M9_start	B05B06	R2A	plate01	NA
0.026615754094189193	0.04778629720703205	0.9999504195933301	H1977	evo	NA	a	diffusion_test_M9_start	B07B08	M9	plate01	NA
0.13992535537470893	7.431268649903695e-5	0.9740133093230778	NA	NA	NA	a	diffusion_test_M9_start	B07B08	R2A	plate01	NA
0.146739354345514	2.0062273277412671e-4	0.9959425360581495	NA	NA	NA	a	monoculture	B09B10	R2A	plate01	NA
0.04551327438173644	0.26624470549940155	0.9997840369171501	H1287	anc	NA	a	monoculture	B09B10	R2A	plate01	NA
0.13676176356377387	0.0026139511586573965	0.9886890246942832	NA	NA	NA	a	monoculture	B11B12	R2A	plate01	NA
0.015554851270745863	0.25912584611174944	0.9999818612903069	H1977	anc	NA	a	monoculture	B11B12	R2A	plate01	NA
0.08467533763278721	0.10861646848493689	0.9999311409826236	H1287	anc	NA	b	diffusion_test_M9_start	C01C02	M9	plate01	NA
0.149843706343044	0.0015980572035906686	0.9965896366810578	NA	NA	NA	b	diffusion_test_M9_start	C01C02	R2A	plate01	NA
0.10384945881959921	0.00979361174695739	0.9982990631658312	H1287	evo	NA	b	diffusion_test_M9_start	C03C04	M9	plate01	NA
0.13773477940054077	0.001989555017665318	0.9452611515205215	NA	NA	NA	b	diffusion_test_M9_start	C03C04	R2A	plate01	NA
0.1158673809623496	0.006699321759994008	0.9997324170152699	H1977	anc	NA	b	diffusion_test_M9_start	C05C06	M9	plate01	NA
0.14865873850335262	5.037216812956086e-4	0.9971283494929709	NA	NA	NA	b	diffusion_test_M9_start	C05C06	R2A	plate01	NA
0.0325610161962559	0.1358948256030065	0.999956170632064	H1977	evo	NA	b	diffusion_test_M9_start	C07C08	M9	plate01	NA
0.14055237823019923	6.881909432241694e-4	0.9977314301143797	NA	NA	NA	b	diffusion_test_M9_start	C07C08	R2A	plate01	NA
0.11060501378621042	0.0055812807369002735	0.9968717406046371	NA	NA	NA	b	monoculture	C09C10	R2A	plate01	NA
0.04445791785754937	0.263838713484272	0.999766846669821	H1287	anc	NA	b	monoculture	C09C10	R2A	plate01	NA
0.1305979518180281	0.0026678402816701667	0.9871645060164681	NA	NA	NA	b	monoculture	C11C12	R2A	plate01	NA
0.01106120653962411	0.29667247679706443	0.9999264934361723	H1977	anc	NA	b	monoculture	C11C12	R2A	plate01	NA
0.02251843316764471	0.08488833586840068	0.9999179740955914	H1287	anc	NA	c	diffusion_test_M9_start	D01D02	M9	plate01	NA
0.13569219117308434	0.0012846621855649057	0.9910652827064926	NA	NA	NA	c	diffusion_test_M9_start	D01D02	R2A	plate01	NA
0.1185396814419476	0.011730342980897559	0.9998612856156257	H1287	evo	NA	c	diffusion_test_M9_start	D03D04	M9	plate01	NA
0.13484110151168507	9.958512525726263e-4	0.9896115956462018	NA	NA	NA	c	diffusion_test_M9_start	D03D04	R2A	plate01	NA
0.03000976827020284	0.037560794779914405	0.9996419156881475	H1977	anc	NA	c	diffusion_test_M9_start	D05D06	M9	plate01	NA
0.14300665762646156	1.2202398565177361e-4	0.9972464068989176	NA	NA	NA	c	diffusion_test_M9_start	D05D06	R2A	plate01	NA
0.05331205538165666	0.08896202047375279	0.9999490032331538	H1977	evo	NA	c	diffusion_test_M9_start	D07D08	M9	plate01	NA
0.13814761867990624	5.039627692108961e-4	0.9914776571319724	NA	NA	NA	c	diffusion_test_M9_start	D07D08	R2A	plate01	NA
0.145407102038629	1.280546493640633e-4	0.9988187014035173	NA	NA	NA	c	monoculture	D09D10	R2A	plate01	NA
0.046925701289111416	0.2784656111196853	0.999696649676991	H1287	anc	NA	c	monoculture	D09D10	R2A	plate01	NA
0.13730991059035644	0.0016797154603803489	0.9910142284323943	NA	NA	NA	c	monoculture	D11D12	R2A	plate01	NA
0.014642821057624425	0.26625111476754115	0.999975945011446	H1977	anc	NA	c	monoculture	D11D12	R2A	plate01	NA
0.13034485903385426	0.0021658304903924685	0.9226185619454187	NA	NA	NA	a	diffusion_test_broth_start	E01E02	M9	plate01	NA
0.04505946111235152	0.26354650794822926	0.9996839382389883	H1287	anc	NA	a	diffusion_test_broth_start	E01E02	R2A	plate01	NA
0.13545886322837555	9.162813607871793e-4	0.9228393567150006	NA	NA	NA	a	diffusion_test_broth_start	E03E04	M9	plate01	NA
0.030454100932344907	0.21531499715997848	0.9998777290523915	H1287	evo	NA	a	diffusion_test_broth_start	E03E04	R2A	plate01	NA
0.13056266161579122	0.0017715260108241092	0.9635433472163556	NA	NA	NA	a	diffusion_test_broth_start	E05E06	M9	plate01	NA
0.014784013145539676	0.2762360226057284	0.9999627520512325	H1977	anc	NA	a	diffusion_test_broth_start	E05E06	R2A	plate01	NA
0.12698052167908655	0.001996624955428299	0.9887935247925997	NA	NA	NA	a	diffusion_test_broth_start	E07E08	M9	plate01	NA
0.011137042370692775	0.285186818402935	0.9999243479521472	H1977	evo	NA	a	diffusion_test_broth_start	E07E08	R2A	plate01	NA
0.1388623762171706	7.503714794198294e-4	0.9967190737720962	NA	NA	NA	a	monoculture	E09E10	R2A	plate01	NA
0.02475644215849007	0.2534522463869079	0.999871182295763	H1287	evo	NA	a	monoculture	E09E10	R2A	plate01	NA
0.13370663915909425	0.0021984165842098276	0.956669716820199	NA	NA	NA	a	monoculture	E11E12	R2A	plate01	NA
0.017325151223058284	0.23063202426653578	0.9999521430966941	H1977	evo	NA	a	monoculture	E11E12	R2A	plate01	NA
0.12195533835962663	0.002420958909837425	0.9707380073360724	NA	NA	NA	b	diffusion_test_broth_start	F01F02	M9	plate01	NA
0.04410338050768316	0.27262150675230007	0.9995713933139432	H1287	anc	NA	b	diffusion_test_broth_start	F01F02	R2A	plate01	NA
0.13972640497663877	0.0013557583134092257	0.9974539691965044	NA	NA	NA	b	diffusion_test_broth_start	F03F04	M9	plate01	NA
0.032433531411261304	0.21665729069779593	0.9998301568540857	H1287	evo	NA	b	diffusion_test_broth_start	F03F04	R2A	plate01	NA
0.1290275450467326	0.0027441215802313026	0.9937037207525917	NA	NA	NA	b	diffusion_test_broth_start	F05F06	M9	plate01	NA
0.022849098014571273	0.23031085978768157	0.9999395812297467	H1977	anc	NA	b	diffusion_test_broth_start	F05F06	R2A	plate01	NA
0.12782878915529525	0.002822970001811586	0.990240373989479	NA	NA	NA	b	diffusion_test_broth_start	F07F08	M9	plate01	NA
0.01477427268400932	0.2671023485732302	0.9998922238437841	H1977	evo	NA	b	diffusion_test_broth_start	F07F08	R2A	plate01	NA
0.0074485588998194205	0.06495403772013396	0.9960191452134457	NA	NA	NA	b	monoculture	F09F10	R2A	plate01	NA
0.02920817813951461	0.22813282999643725	0.9998804231149708	H1287	evo	NA	b	monoculture	F09F10	R2A	plate01	NA
0.14475969960949084	1.0709591984871607e-4	0.9967876430548613	NA	NA	NA	b	monoculture	F11F12	R2A	plate01	NA
0.015544599560361456	0.240129665433584	0.9999427438063699	H1977	evo	NA	b	monoculture	F11F12	R2A	plate01	NA
0.13500988953502494	0.0016560186018529336	0.97166213374749	NA	NA	NA	c	diffusion_test_broth_start	G01G02	M9	plate01	NA
0.04564613284809203	0.2642277001270506	0.9995923842714729	H1287	anc	NA	c	diffusion_test_broth_start	G01G02	R2A	plate01	NA
0.11577450762498397	0.0034864423278612054	0.9682394396326075	NA	NA	NA	c	diffusion_test_broth_start	G03G04	M9	plate01	NA
0.03422539673689684	0.21502663563682284	0.9998060654953856	H1287	evo	NA	c	diffusion_test_broth_start	G03G04	R2A	plate01	NA
0.14480280228957482	0.007150372738184364	0.9715593775788413	NA	NA	NA	c	diffusion_test_broth_start	G05G06	M9	plate01	NA
0.018919345983383153	0.2519089949187725	0.999939532756826	H1977	anc	NA	c	diffusion_test_broth_start	G05G06	R2A	plate01	NA
0.12919511254984303	0.0025597920936760773	0.9932028290520558	NA	NA	NA	c	diffusion_test_broth_start	G07G08	M9	plate01	NA
0.01501674641696624	0.24978929465971642	0.9999386279762655	H1977	evo	NA	c	diffusion_test_broth_start	G07G08	R2A	plate01	NA
0.14427987267896777	6.066399568487142e-4	0.9938136229321913	NA	NA	NA	c	monoculture	G09G10	R2A	plate01	NA
0.029919637673435754	0.2348146664468167	0.9998482740022921	H1287	evo	NA	c	monoculture	G09G10	R2A	plate01	NA
0.13573728201827384	0.002453185690999323	0.977834465487727	NA	NA	NA	c	monoculture	G11G12	R2A	plate01	NA
0.011979308228280229	0.282484896532329	0.9999217756133578	H1977	evo	NA	c	monoculture	G11G12	R2A	plate01	NA
0.046862368682782075	0.3127039358988242	0.9997704510064332	H1287	anc	A1287_E1287	a	coculture	B01B02	R2A	plate02	0
0.043954465479999795	0.19878214999016863	0.9998709224967016	H1287	evo	A1287_E1287	a	coculture	B01B02	R2A	plate02	0
0.04966505854510506	0.29993863859667175	0.9996840813998755	H1287	anc	A1287_A1977	a	coculture	B03B04	R2A	plate02	0
0.018807843656644424	0.2681150523874281	0.9999456322484582	H1977	anc	A1287_A1977	a	coculture	B03B04	R2A	plate02	0
0.06560705719514459	0.2668365821544482	0.9997356658713047	H1287	anc	A1287_E1977	a	coculture	B05B06	R2A	plate02	0
0.01321663496331256	0.23716275800041264	0.9999128213402805	H1977	evo	A1287_E1977	a	coculture	B05B06	R2A	plate02	0
0.02913027044602264	0.26111859053656356	0.9998054938370504	H1287	evo	E1287_A1977	a	coculture	B07B08	R2A	plate02	0
0.013434154222395191	0.30313491287015126	0.9999288290697873	H1977	anc	E1287_A1977	a	coculture	B07B08	R2A	plate02	0
0.028939996995161234	0.2629664841890523	0.9997528302815305	H1287	evo	E1287_E1977	a	coculture	B09B10	R2A	plate02	0
0.021405302808094783	0.19090630013058443	0.9999144688241002	H1977	evo	E1287_E1977	a	coculture	B09B10	R2A	plate02	0
0.0143957295491399	0.29547078625132145	0.9999448476450484	H1977	anc	A1977_E1977	a	coculture	B11B12	R2A	plate02	0
0.015153077650585822	0.21788085729600432	0.9999154315822139	H1977	evo	A1977_E1977	a	coculture	B11B12	R2A	plate02	0
0.04834760839238477	0.3068804660712943	0.9997974857734838	H1287	anc	A1287_E1287	b	coculture	C01C02	R2A	plate02	0
0.046124794227287026	0.19472093948209174	0.9998308159844693	H1287	evo	A1287_E1287	b	coculture	C01C02	R2A	plate02	0
0.05860965188300081	0.2788994514454132	0.9998729092454722	H1287	anc	A1287_A1977	b	coculture	C03C04	R2A	plate02	0
0.013122088589335133	0.30992956813903244	0.9998831933663646	H1977	anc	A1287_A1977	b	coculture	C03C04	R2A	plate02	0
0.047830479438157124	0.2780202585416503	0.9998590911170003	H1287	anc	A1287_E1977	b	coculture	C05C06	R2A	plate02	0
0.008751437904445637	0.2745984784448974	0.9999263793130553	H1977	evo	A1287_E1977	b	coculture	C05C06	R2A	plate02	0
0.032476845682210924	0.24720454428924374	0.9997667878442216	H1287	evo	E1287_A1977	b	coculture	C07C08	R2A	plate02	0
0.011685997159356292	0.32372119805546046	0.9998890657577012	H1977	anc	E1287_A1977	b	coculture	C07C08	R2A	plate02	0
0.030729727199271615	0.2519516660374854	0.9997803088906577	H1287	evo	E1287_E1977	b	coculture	C09C10	R2A	plate02	0
0.02039044004915435	0.19104897594080983	0.9999642929419018	H1977	evo	E1287_E1977	b	coculture	C09C10	R2A	plate02	0
0.01561674611340603	0.2962396380004573	0.9999394531279177	H1977	anc	A1977_E1977	b	coculture	C11C12	R2A	plate02	0
0.008089467481958561	0.2394457673762602	0.9998403840811654	H1977	evo	A1977_E1977	b	coculture	C11C12	R2A	plate02	0
0.04775086296500897	0.3073997213176743	0.999804594114447	H1287	anc	A1287_E1287	c	coculture	D01D02	R2A	plate02	0
0.04724229833359633	0.19215882828143072	0.999834793399418	H1287	evo	A1287_E1287	c	coculture	D01D02	R2A	plate02	0
0.04997645090601445	0.3037740574140018	0.99980832813907206	H1287	anc	A1287_A1977	c	coculture	D03D04	R2A	plate02	0
0.011319152768977048	0.3225085570532306	0.9998371439426029	H1977	anc	A1287_A1977	c	coculture	D03D04	R2A	plate02	0
0.050217073252450124	0.30817010208972073	0.9997972966282861	H1287	anc	A1287_E1977	c	coculture	D05D06	R2A	plate02	0
0.009247746757465198	0.26406259163270407	0.9999273790110078	H1977	evo	A1287_E1977	c	coculture	D05D06	R2A	plate02	0
0.03484900669330115	0.24195669147938031	0.9998055911323172	H1287	evo	E1287_A1977	c	coculture	D07D08	R2A	plate02	0
0.01726996705045898	0.2714594179754241	0.9999690711980315	H1977	anc	E1287_A1977	c	coculture	D07D08	R2A	plate02	0
0.03266704627214128	0.24693790781747862	0.9997847006738223	H1287	evo	E1287_E1977	c	coculture	D09D10	R2A	plate02	0
0.019062607111269888	0.19670604022563748	0.9999750955283754	H1977	evo	E1287_E1977	c	coculture	D09D10	R2A	plate02	0
0.02043152718188688	0.26408302347178736	0.9999582670887048	H1977	anc	A1977_E1977	c	coculture	D11D12	R2A	plate02	0
0.008834933638151465	0.234116302047153	0.9999049431336152	H1977	evo	A1977_E1977	c	coculture	D11D12	R2A	plate02	0
0.047859295011567285	0.304065799064442	0.9998204384051889	H1287	anc	A1287_E1287	d	coculture	E01E02	R2A	plate02	0
0.046991070233961596	0.19688677779041525	0.9997849303195169	H1287	evo	A1287_E1287	d	coculture	E01E02	R2A	plate02	0
0.05182620046385888	0.2865141521420752	0.9998416996149625	H1287	anc	A1287_A1977	d	coculture	E03E04	R2A	plate02	0
0.014252049391422845	0.3033499221119058	0.9999226749797561	H1977	anc	A1287_A1977	d	coculture	E03E04	R2A	plate02	0
0.048594631003262355	0.3011358199402692	0.9998575030762213	H1287	anc	A1287_E1977	d	coculture	E05E06	R2A	plate02	0
0.012405715262509885	0.2399036052626046	0.9999445287891672	H1977	evo	A1287_E1977	d	coculture	E05E06	R2A	plate02	0
0.03070852429670556	0.2554399872138806	0.9997701452053028	H1287	evo	E1287_A1977	d	coculture	E07E08	R2A	plate02	0
0.015742365106143453	0.2890260138698782	0.999946362376904	H1977	anc	E1287_A1977	d	coculture	E07E08	R2A	plate02	0
0.032403535060283144	0.24545725253839826	0.9998536926601816	H1287	evo	E1287_E1977	d	coculture	E09E10	R2A	plate02	0
0.0058971013613651115	0.2931328785537679	0.9999088516897543	H1977	evo	E1287_E1977	d	coculture	E09E10	R2A	plate02	0
0.014872436017819107	0.30149358742521953	0.9999024918625901	H1977	anc	A1977_E1977	d	coculture	E11E12	R2A	plate02	0
0.01778582675185597	0.20779822396263306	0.9999481967385737	H1977	evo	A1977_E1977	d	coculture	E11E12	R2A	plate02	0
0.04851804903595551	0.3062770097963928	0.9997870372442502	H1287	anc	A1287_E1287	e	coculture	F01F02	R2A	plate02	0
0.05241244294660263	0.19264062271893032	0.9997571667205137	H1287	evo	A1287_E1287	e	coculture	F01F02	R2A	plate02	0
0.05195850818977385	0.29102489558563266	0.9998081838700406	H1287	anc	A1287_A1977	e	coculture	F03F04	R2A	plate02	0
0.013529184938232007	0.2965247540795615	0.9998870520237827	H1977	anc	A1287_A1977	e	coculture	F03F04	R2A	plate02	0
0.051095820323431906	0.28435079829804866	0.9998780624039141	H1287	anc	A1287_E1977	e	coculture	F05F06	R2A	plate02	0
0.012793743974078106	0.23619923661889114	0.9999482471357967	H1977	evo	A1287_E1977	e	coculture	F05F06	R2A	plate02	0
0.03268556380859252	0.24723357053013506	0.9997924518264721	H1287	evo	E1287_A1977	e	coculture	F07F08	R2A	plate02	0
0.014808325478441839	0.2975080548177452	0.9998846896718199	H1977	anc	E1287_A1977	e	coculture	F07F08	R2A	plate02	0
0.030273423719196335	0.25122764039887535	0.9998288680697857	H1287	evo	E1287_E1977	e	coculture	F09F10	R2A	plate02	0
0.00951299455159616	0.2589199084168368	0.9999352542762315	H1977	evo	E1287_E1977	e	coculture	F09F10	R2A	plate02	0
0.017355265199108825	0.28126332677487464	0.9999591046964481	H1977	anc	A1977_E1977	e	coculture	F11F12	R2A	plate02	0
0.01968418164901909	0.1998666568528404	0.999890828462554	H1977	evo	A1977_E1977	e	coculture	F11F12	R2A	plate02	0
0.0493112561734264	0.30630061229372674	0.9997815153549261	H1287	anc	A1287_E1287	f	coculture	G01G02	R2A	plate02	0
0.04783624608612083	0.19333711374675674	0.9998122947068167	H1287	evo	A1287_E1287	f	coculture	G01G02	R2A	plate02	0
0.05423651952626516	0.28616813777809286	0.9996886020092545	H1287	anc	A1287_A1977	f	coculture	G03G04	R2A	plate02	0
0.022917298303020427	0.256123116068862	0.9998785053576782	H1977	anc	A1287_A1977	f	coculture	G03G04	R2A	plate02	0
0.05474276074476348	0.2869663689915919	0.999719570915804	H1287	anc	A1287_E1977	f	coculture	G05G06	R2A	plate02	0
0.022822205843000737	0.18881824564246436	0.9999025756942189	H1977	evo	A1287_E1977	f	coculture	G05G06	R2A	plate02	0
0.030544840552187022	0.25852763075604285	0.999709005466015	H1287	evo	E1287_A1977	f	coculture	G07G08	R2A	plate02	0
0.012868029107146751	0.3176105715943232	0.9999301172438202	H1977	anc	E1287_A1977	f	coculture	G07G08	R2A	plate02	0
0.03066939249954849	0.24887780425168546	0.9998076267133054	H1287	evo	E1287_E1977	f	coculture	G09G10	R2A	plate02	0
0.009075989744115321	0.2645050854999373	0.9999155103140475	H1977	evo	E1287_E1977	f	coculture	G09G10	R2A	plate02	0
0.01607321238492368	0.29530956524977436	0.9999146780091162	H1977	anc	A1977_E1977	f	coculture	G11G12	R2A	plate02	0
0.015710652511796267	0.22067160455763718	0.9999048072683046	H1977	evo	A1977_E1977	f	coculture	G11G12	R2A	plate02	0
0.044796763537492346	0.318644578515306	0.9997952355448481	H1287	anc	A1287_E1287	a	coculture	B01B02	R2A	plate03	4
0.04498988711809362	0.19963291215394946	0.9998539269001672	H1287	evo	A1287_E1287	a	coculture	B01B02	R2A	plate03	4
0.049984722594246994	0.2959272998721197	0.9996329830849285	H1287	anc	A1287_A1977	a	coculture	B03B04	R2A	plate03	4
0.019878384118350596	0.2597803097740347	0.9999494983477114	H1977	anc	A1287_A1977	a	coculture	B03B04	R2A	plate03	4
0.05247858196213328	0.2922320185814585	0.9996849276875538	H1287	anc	A1287_E1977	a	coculture	B05B06	R2A	plate03	4
0.014541459643336998	0.22586106790631236	0.9999468830385989	H1977	evo	A1287_E1977	a	coculture	B05B06	R2A	plate03	4
0.031506192541873	0.2517254640787772	0.9997522277817313	H1287	evo	E1287_A1977	a	coculture	B07B08	R2A	plate03	4
0.026922899539655216	0.22863808768020097	0.9999556426916568	H1977	anc	E1287_A1977	a	coculture	B07B08	R2A	plate03	4
0.030053348625547822	0.2639078306696984	0.9998194631724874	H1287	evo	E1287_E1977	a	coculture	B09B10	R2A	plate03	4
0.010308534058074132	0.25712658613728573	0.9997797467424028	H1977	evo	E1287_E1977	a	coculture	B09B10	R2A	plate03	4
0.012326569894392757	0.3119070518479653	0.9998967981361657	H1977	anc	A1977_E1977	a	coculture	B11B12	R2A	plate03	4
0.020313973950212654	0.19483867603769103	0.99987630714083	H1977	evo	A1977_E1977	a	coculture	B11B12	R2A	plate03	4
0.04270319674388644	0.3209771923647772	0.9998207879524763	H1287	anc	A1287_E1287	b	coculture	C01C02	R2A	plate03	4
0.04627588084122074	0.18980697124314522	0.9998799542559842	H1287	evo	A1287_E1287	b	coculture	C01C02	R2A	plate03	4
0.047550340334683285	0.31184117900262964	0.999743525650199	H1287	anc	A1287_A1977	b	coculture	C03C04	R2A	plate03	4
0.01355973952535147	0.3011592493226159	0.9997007365872322	H1977	anc	A1287_A1977	b	coculture	C03C04	R2A	plate03	4
0.05069471312595748	0.29956196170364224	0.9997456248776632	H1287	anc	A1287_E1977	b	coculture	C05C06	R2A	plate03	4
0.008192685465595635	0.2684432486588393	0.9999134055817163	H1977	evo	A1287_E1977	b	coculture	C05C06	R2A	plate03	4
0.032082236225536846	0.2487349283381592	0.9997766883329855	H1287	evo	E1287_A1977	b	coculture	C07C08	R2A	plate03	4
0.016898270994819484	0.27719267695227257	0.9999465132398969	H1977	anc	E1287_A1977	b	coculture	C07C08	R2A	plate03	4
0.02730172535456125	0.2756481089695012	0.9997716517628102	H1287	evo	E1287_E1977	b	coculture	C09C10	R2A	plate03	4
0.009275393558686828	0.2610458073803483	0.9999296832393266	H1977	evo	E1287_E1977	b	coculture	C09C10	R2A	plate03	4
0.013467512004152108	0.30562129180286146	0.9999028889601158	H1977	anc	A1977_E1977	b	coculture	C11C12	R2A	plate03	4
0.014621517436458242	0.22240824117188412	0.999852331158588	H1977	evo	A1977_E1977	b	coculture	C11C12	R2A	plate03	4
0.0472772541104719	0.31405619791477757	0.9998475206523116	H1287	anc	A1287_E1287	c	coculture	D01D02	R2A	plate03	4
0.0442575425065729	0.20184451715700877	0.9997995741013356	H1287	evo	A1287_E1287	c	coculture	D01D02	R2A	plate03	4
0.046807306813696624	0.3148767565837487	0.9997941759544685	H1287	anc	A1287_A1977	c	coculture	D03D04	R2A	plate03	4
0.015861251030632902	0.26814835445248886	0.9999468336312746	H1977	anc	A1287_A1977	c	coculture	D03D04	R2A	plate03	4
0.04809608418408271	0.3044279487753991	0.9998138232366862	H1287	anc	A1287_E1977	c	coculture	D05D06	R2A	plate03	4
0.006599331281361552	0.2827459521565242	0.9998420939459851	H1977	evo	A1287_E1977	c	coculture	D05D06	R2A	plate03	4
0.03083159945470285	0.25319978594201553	0.9998105757338226	H1287	evo	E1287_A1977	c	coculture	D07D08	R2A	plate03	4
0.02049615244686083	0.25772982035093994	0.9999787390574951	H1977	anc	E1287_A1977	c	coculture	D07D08	R2A	plate03	4
0.030296365635235727	0.2704685753460206	0.9998079139788768	H1287	evo	E1287_E1977	c	coculture	D09D10	R2A	plate03	4
0.017102604821673285	0.21120353855233498	0.9998718992404262	H1977	evo	E1287_E1977	c	coculture	D09D10	R2A	plate03	4
0.015504760750960836	0.2882734808552911	0.9999585187421325	H1977	anc	A1977_E1977	c	coculture	D11D12	R2A	plate03	4
0.01762202378617466	0.1981310376011957	0.9998236081294227	H1977	evo	A1977_E1977	c	coculture	D11D12	R2A	plate03	4
0.05187464300248987	0.2990804569653475	0.9998267085497194	H1287	anc	A1287_E1287	d	coculture	E01E02	R2A	plate03	4
0.045466808789803595	0.19770803921479557	0.9997998302963181	H1287	evo	A1287_E1287	d	coculture	E01E02	R2A	plate03	4
0.04873445221183741	0.3035803232044194	0.9998361851738118	H1287	anc	A1287_A1977	d	coculture	E03E04	R2A	plate03	4
0.016144220382747734	0.2768984115775855	0.9999303240084366	H1977	anc	A1287_A1977	d	coculture	E03E04	R2A	plate03	4
0.048063831254364274	0.30892552241209326	0.9997813114675209	H1287	anc	A1287_E1977	d	coculture	E05E06	R2A	plate03	4
0.009570323751930085	0.25950387769081723	0.9999171648095145	H1977	evo	A1287_E1977	d	coculture	E05E06	R2A	plate03	4
0.02936259914807322	0.25959072718866216	0.9997923237346413	H1287	evo	E1287_A1977	d	coculture	E07E08	R2A	plate03	4
0.01910362035367053	0.26317577044831725	0.9999762341506836	H1977	anc	E1287_A1977	d	coculture	E07E08	R2A	plate03	4
0.03042473596680459	0.26257619509070446	0.9998254182450789	H1287	evo	E1287_E1977	d	coculture	E09E10	R2A	plate03	4
0.009832815332745243	0.2544065939968311	0.9999516949738964	H1977	evo	E1287_E1977	d	coculture	E09E10	R2A	plate03	4
0.020683037556945918	0.2487616262553474	0.9999793359468407	H1977	anc	A1977_E1977	d	coculture	E11E12	R2A	plate03	4
0.012143099440587057	0.2378372896840821	0.9998990874598229	H1977	evo	A1977_E1977	d	coculture	E11E12	R2A	plate03	4
0.050871907219798125	0.29903618534938164	0.9998086395912075	H1287	anc	A1287_E1287	e	coculture	F01F02	R2A	plate03	4
0.0449651893643342	0.20024345417961945	0.9997663666793419	H1287	evo	A1287_E1287	e	coculture	F01F02	R2A	plate03	4
0.05125882109174883	0.29660058987406157	0.9998324569206242	H1287	anc	A1287_A1977	e	coculture	F03F04	R2A	plate03	4
0.013011506294595432	0.2999673903747512	0.9999081116424546	H1977	anc	A1287_A1977	e	coculture	F03F04	R2A	plate03	4
0.051322490668416876	0.2999087064371583	0.9998012287411939	H1287	anc	A1287_E1977	e	coculture	F05F06	R2A	plate03	4
0.015150013937611267	0.21421700937961158	0.9999141839968179	H1977	evo	A1287_E1977	e	coculture	F05F06	R2A	plate03	4
0.028905438268636115	0.263095365313248	0.9997828463849107	H1287	evo	E1287_A1977	e	coculture	F07F08	R2A	plate03	4
0.020602437445936463	0.25149651011765	0.9999837725379426	H1977	anc	E1287_A1977	e	coculture	F07F08	R2A	plate03	4
0.027128252331007123	0.2770355294782984	0.9997685175470795	H1287	evo	E1287_E1977	e	coculture	F09F10	R2A	plate03	4
0.021064755222047073	0.1998376290777245	0.99991441415956	H1977	evo	E1287_E1977	e	coculture	F09F10	R2A	plate03	4
0.021466013644848143	0.2456434918294926	0.9999733034860493	H1977	anc	A1977_E1977	e	coculture	F11F12	R2A	plate03	4
0.017105340933541754	0.20518802814352538	0.9998616371392539	H1977	evo	A1977_E1977	e	coculture	F11F12	R2A	plate03	4
0.045919338691972865	0.3149589802160596	0.999771684483392	H1287	anc	A1287_E1287	f	coculture	G01G02	R2A	plate03	4
0.04433388201971653	0.19895481252885377	0.9997341145029772	H1287	evo	A1287_E1287	f	coculture	G01G02	R2A	plate03	4
0.051807595432463396	0.30043527223057315	0.9997365485966273	H1287	anc	A1287_A1977	f	coculture	G03G04	R2A	plate03	4
0.020262510041839626	0.25762135996544033	0.9999517723807718	H1977	anc	A1287_A1977	f	coculture	G03G04	R2A	plate03	4
0.05715362849222283	0.28071968317549373	0.9997668166497313	H1287	anc	A1287_E1977	f	coculture	G05G06	R2A	plate03	4
0.01945648080567775	0.19853741709354739	0.9999135970806263	H1977	evo	A1287_E1977	f	coculture	G05G06	R2A	plate03	4
0.02909649216297772	0.260155905779715	0.999769570885516	H1287	evo	E1287_A1977	f	coculture	G07G08	R2A	plate03	4
0.0175932124686498	0.2757380794392771	0.9999567199213987	H1977	anc	E1287_A1977	f	coculture	G07G08	R2A	plate03	4
0.026703325780824086	0.27920745392168345	0.9995216838893406	H1287	evo	E1287_E1977	f	coculture	G09G10	R2A	plate03	4
0.016306777499135016	0.24342254454604875	0.9999620154378981	H1977	evo	E1287_E1977	f	coculture	G09G10	R2A	plate03	4
0.01935199697604206	0.2590242493253857	0.9999580832533019	H1977	anc	A1977_E1977	f	coculture	G11G12	R2A	plate03	4
0.017935231596804983	0.20091487100598493	0.9999018146219348	H1977	evo	A1977_E1977	f	coculture	G11G12	R2A	plate03	4
0.056676756753064994	0.26919676827428707	0.9994749395340764	H1287	anc	A1287_E1287	a	coculture	B01B02	R2A	plate04	8
0.03513691395841248	0.23887879117646477	0.9994960076058856	H1287	evo	A1287_E1287	a	coculture	B01B02	R2A	plate04	8
0.06640342220806447	0.2750771219906519	0.9993396336627743	H1287	anc	A1287_A1977	a	coculture	B03B04	R2A	plate04	8
0.015546077245369804	0.27392351703764845	0.9999372708256523	H1977	anc	A1287_A1977	a	coculture	B03B04	R2A	plate04	8
0.06594060137407196	0.24466639454729328	0.9993122932627375	H1287	anc	A1287_E1977	a	coculture	B05B06	R2A	plate04	8
0.017296226639209367	0.21490313151322646	0.9998994062529212	H1977	evo	A1287_E1977	a	coculture	B05B06	R2A	plate04	8
0.034835260126538925	0.23685391162985509	0.999798849165366	H1287	evo	E1287_A1977	a	coculture	B07B08	R2A	plate04	8
0.015215831012393795	0.27327553130052035	0.9999256478760753	H1977	anc	E1287_A1977	a	coculture	B07B08	R2A	plate04	8
0.036769581123647005	0.23083168762964884	0.999776423417092	H1287	evo	E1287_E1977	a	coculture	B09B10	R2A	plate04	8
0.00868270660759381	0.2625515390780457	0.9998319662045503	H1977	evo	E1287_E1977	a	coculture	B09B10	R2A	plate04	8
0.010003028560299223	0.31408788419936146	0.9998988566994573	H1977	anc	A1977_E1977	a	coculture	B11B12	R2A	plate04	8
0.010249072185995928	0.24497463943634556	0.9999408989710452	H1977	evo	A1977_E1977	a	coculture	B11B12	R2A	plate04	8
0.057400072057523246	0.26867251339679	0.9996350613284956	H1287	anc	A1287_E1287	b	coculture	C01C02	R2A	plate04	8
0.03495922396517527	0.23784632516290166	0.9996121189411723	H1287	evo	A1287_E1287	b	coculture	C01C02	R2A	plate04	8
0.06977063564936237	0.2698614811054016	0.9994432386441785	H1287	anc	A1287_A1977	b	coculture	C03C04	R2A	plate04	8
0.018190380339190966	0.2532619551682488	0.9999264304765999	H1977	anc	A1287_A1977	b	coculture	C03C04	R2A	plate04	8
0.06186457456992126	0.2599468101671022	0.999700483261442	H1287	anc	A1287_E1977	b	coculture	C05C06	R2A	plate04	8
0.01258675648623928	0.23756987222244333	0.9999143256897111	H1977	evo	A1287_E1977	b	coculture	C05C06	R2A	plate04	8
0.03973453595285673	0.21670118547246126	0.9997774325455139	H1287	evo	E1287_A1977	b	coculture	C07C08	R2A	plate04	8
0.020005926115513568	0.2356823415936795	0.999928613147819	H1977	anc	E1287_A1977	b	coculture	C07C08	R2A	plate04	8
0.036694907572997384	0.23179749638334898	0.999807768433921	H1287	evo	E1287_E1977	b	coculture	C09C10	R2A	plate04	8
0.009784517377884687	0.25183720195922377	0.9999393460177487	H1977	evo	E1287_E1977	b	coculture	C09C10	R2A	plate04	8
0.013281477057148747	0.2889613450003815	0.9999369735425622	H1977	anc	A1977_E1977	b	coculture	C11C12	R2A	plate04	8
0.017455306976647694	0.21445304295053064	0.9999272059487153	H1977	evo	A1977_E1977	b	coculture	C11C12	R2A	plate04	8
0.0617694277508099	0.24813433748045	0.9996159371773609	H1287	anc	A1287_E1287	c	coculture	D01D02	R2A	plate04	8
0.035628823600466764	0.23401333891273318	0.9996739273085509	H1287	evo	A1287_E1287	c	coculture	D01D02	R2A	plate04	8
0.06511931588577904	0.27622023396366	0.9995800560936611	H1287	anc	A1287_A1977	c	coculture	D03D04	R2A	plate04	8
0.018754429178965526	0.2472432068033835	0.9999317550692357	H1977	anc	A1287_A1977	c	coculture	D03D04	R2A	plate04	8
0.056362239329518025	0.2761270129698369	0.9996655417948395	H1287	anc	A1287_E1977	c	coculture	D05D06	R2A	plate04	8
0.011378551189129468	0.23797002116403215	0.9999274908297208	H1977	evo	A1287_E1977	c	coculture	D05D06	R2A	plate04	8
0.038805408990311624	0.2197583090280216	0.9998101569666608	H1287	evo	E1287_A1977	c	coculture	D07D08	R2A	plate04	8
0.016964170089635945	0.2589557683832126	0.9999677586301902	H1977	anc	E1287_A1977	c	coculture	D07D08	R2A	plate04	8
0.037489054707492114	0.22750717950061125	0.9998160420551973	H1287	evo	E1287_E1977	c	coculture	D09D10	R2A	plate04	8
0.010140355418913055	0.2496082932830884	0.9998917216546738	H1977	evo	E1287_E1977	c	coculture	D09D10	R2A	plate04	8
0.016685067335733175	0.2622185807494178	0.9999549161685841	H1977	anc	A1977_E1977	c	coculture	D11D12	R2A	plate04	8
0.021145956018606627	0.1941438772455328	0.9999385886387958	H1977	evo	A1977_E1977	c	coculture	D11D12	R2A	plate04	8
0.0627907805494956	0.24557016404085505	0.9996475073177437	H1287	anc	A1287_E1287	d	coculture	E01E02	R2A	plate04	8
0.03782173595579177	0.22854710459745944	0.9996458034183906	H1287	evo	A1287_E1287	d	coculture	E01E02	R2A	plate04	8
0.06372699817628674	0.2755836629483833	0.9995092622258767	H1287	anc	A1287_A1977	d	coculture	E03E04	R2A	plate04	8
0.014714261360190122	0.26650739363766845	0.9999194113978982	H1977	anc	A1287_A1977	d	coculture	E03E04	R2A	plate04	8
0.05406660742591355	0.2758768613118646	0.9998123352136664	H1287	anc	A1287_E1977	d	coculture	E05E06	R2A	plate04	8
0.025793463519220322	0.17104408311305708	0.9999655657533989	H1977	evo	A1287_E1977	d	coculture	E05E06	R2A	plate04	8
0.038620587351695254	0.22271295162515303	0.9997536728081573	H1287	evo	E1287_A1977	d	coculture	E07E08	R2A	plate04	8
0.013760283355194403	0.2798947538008103	0.9999337581876859	H1977	anc	E1287_A1977	d	coculture	E07E08	R2A	plate04	8
0.034846778651788105	0.23766013859923724	0.9997627958912854	H1287	evo	E1287_E1977	d	coculture	E09E10	R2A	plate04	8
0.010659248846596648	0.24907252716631614	0.999940100595031	H1977	evo	E1287_E1977	d	coculture	E09E10	R2A	plate04	8
0.01438526325785738	0.2792974292143924	0.9999393539162144	H1977	anc	A1977_E1977	d	coculture	E11E12	R2A	plate04	8
0.009110681356252863	0.2405184450619031	0.9998709128612044	H1977	evo	A1977_E1977	d	coculture	E11E12	R2A	plate04	8
0.05783754930377627	0.26625973061524866	0.9994504806525096	H1287	anc	A1287_E1287	e	coculture	F01F02	R2A	plate04	8
0.03669189265253877	0.2330117962168277	0.9997698474099586	H1287	evo	A1287_E1287	e	coculture	F01F02	R2A	plate04	8
0.06741659818369572	0.2705624571240022	0.9994850509333925	H1287	anc	A1287_A1977	e	coculture	F03F04	R2A	plate04	8
0.013320922371501459	0.25308636714616317	0.9998990987135036	H1977	anc	A1287_A1977	e	coculture	F03F04	R2A	plate04	8
0.05889384114991895	0.2606699156136573	0.9997277309708614	H1287	anc	A1287_E1977	e	coculture	F05F06	R2A	plate04	8
0.010121633569857335	0.2511675076463266	0.9998822085455954	H1977	evo	A1287_E1977	e	coculture	F05F06	R2A	plate04	8
0.039421110944747026	0.22017869060971368	0.9997558047903916	H1287	evo	E1287_A1977	e	coculture	F07F08	R2A	plate04	8
0.017241638862052457	0.25709426709452027	0.9999101035344017	H1977	anc	E1287_A1977	e	coculture	F07F08	R2A	plate04	8
0.034895101149592087	0.23790624078310807	0.9997823355221735	H1287	evo	E1287_E1977	e	coculture	F09F10	R2A	plate04	8
0.009263566225807127	0.26093551609196414	0.9999190131956409	H1977	evo	E1287_E1977	e	coculture	F09F10	R2A	plate04	8
0.023481292923154495	0.22370479877256005	0.9999474068686487	H1977	anc	A1977_E1977	e	coculture	F11F12	R2A	plate04	8
0.014551903113015918	0.21916283113795132	0.9999503461818817	H1977	evo	A1977_E1977	e	coculture	F11F12	R2A	plate04	8
0.05797667022357416	0.26689023428967756	0.9995271270453496	H1287	anc	A1287_E1287	f	coculture	G01G02	R2A	plate04	8
0.03744670946201213	0.23222890244434435	0.9995200708362805	H1287	evo	A1287_E1287	f	coculture	G01G02	R2A	plate04	8
0.062223076473243905	0.2788261956622316	0.9994405422230745	H1287	anc	A1287_A1977	f	coculture	G03G04	R2A	plate04	8
0.013307940929370899	0.28125271692368653	0.9998592761935354	H1977	anc	A1287_A1977	f	coculture	G03G04	R2A	plate04	8
0.05357540140905815	0.2594143712162178	0.999678815640651	H1287	anc	A1287_E1977	f	coculture	G05G06	R2A	plate04	8
0.01619114589311637	0.21574603079624113	0.9998243884677174	H1977	evo	A1287_E1977	f	coculture	G05G06	R2A	plate04	8
0.0366636142646211	0.23928869150021936	0.9997402978555746	H1287	evo	E1287_A1977	f	coculture	G07G08	R2A	plate04	8
0.013384202977827312	0.2789813828202421	0.9999071110809697	H1977	anc	E1287_A1977	f	coculture	G07G08	R2A	plate04	8
0.0357930920451715	0.229097200487355	0.9997908779607857	H1287	evo	E1287_E1977	f	coculture	G09G10	R2A	plate04	8
0.01574845547809103	0.21136118252444347	0.9999166056181443	H1977	evo	E1287_E1977	f	coculture	G09G10	R2A	plate04	8
0.012162682874281985	0.2872710000883594	0.9998964307567602	H1977	anc	A1977_E1977	f	coculture	G11G12	R2A	plate04	8
0.010421175997213589	0.2445146536609836	0.9999129389865006	H1977	evo	A1977_E1977	f	coculture	G11G12	R2A	plate04	8
0.036521760039555075	0.3023844638532128	0.999877217241926	H1287	anc	A1287_E1287	a	coculture	B01B02	R2A	plate05	12
0.04030623972325931	0.18733139155517495	0.9997984088693458	H1287	evo	A1287_E1287	a	coculture	B01B02	R2A	plate05	12
0.03947158035545682	0.29170492289399	0.9998500196825342	H1287	anc	A1287_A1977	a	coculture	B03B04	R2A	plate05	12
0.03649061598273896	0.03503211748527449	0.9994767669982279	H1977	anc	A1287_A1977	a	coculture	B03B04	R2A	plate05	12
0.03992381122312787	0.29538422684151067	0.9997774906414101	H1287	anc	A1287_E1977	a	coculture	B05B06	R2A	plate05	12
0.0154333553138396	0.1955441276670359	0.9998395583360801	H1977	evo	A1287_E1977	a	coculture	B05B06	R2A	plate05	12
0.02189236698043328	0.2637822960549131	0.9998831853809071	H1287	evo	E1287_A1977	a	coculture	B07B08	R2A	plate05	12
0.0015658248511798208	0.10398819092005968	0.9987451021333666	H1977	anc	E1287_A1977	a	coculture	B07B08	R2A	plate05	12
0.02199595788859371	0.2621056395876094	0.999860146062157	H1287	evo	E1287_E1977	a	coculture	B09B10	R2A	plate05	12
0.009634114863615312	0.22599720148097185	0.9999106744468487	H1977	evo	E1287_E1977	a	coculture	B09B10	R2A	plate05	12
0.1001898817288645	0.011891950310800687	0.9989417309155938	H1977	anc	A1977_E1977	a	coculture	B11B12	R2A	plate05	12
0.0018930842161271803	0.33427286007223495	0.9998855533344037	H1977	evo	A1977_E1977	a	coculture	B11B12	R2A	plate05	12
0.05188974645207603	0.26359490283943865	0.9998776952198175	H1287	anc	A1287_E1287	b	coculture	C01C02	R2A	plate05	12
0.04041647345076104	0.18598796325585318	0.9998132817261397	H1287	evo	A1287_E1287	b	coculture	C01C02	R2A	plate05	12
0.039924021492965416	0.29251798667791573	0.9998841274438651	H1287	anc	A1287_A1977	b	coculture	C03C04	R2A	plate05	12
0.04855123177938878	0.02559258881016306	0.9979996907870773	H1977	anc	A1287_A1977	b	coculture	C03C04	R2A	plate05	12
0.04113814996946258	0.3018551817483986	0.9997833798528676	H1287	anc	A1287_E1977	b	coculture	C05C06	R2A	plate05	12
0.004027893880575631	0.28557316087869944	0.9998899642457433	H1977	evo	A1287_E1977	b	coculture	C05C06	R2A	plate05	12
0.02291874205119195	0.25995377467278324	0.9998795841799019	H1287	evo	E1287_A1977	b	coculture	C07C08	R2A	plate05	12
0.15746082544376233	0.04793925556042335	0.998707343919298	H1977	anc	E1287_A1977	b	coculture	C07C08	R2A	plate05	12
0.02377551499891219	0.25564421835095336	0.9998351407881833	H1287	evo	E1287_E1977	b	coculture	C09C10	R2A	plate05	12
0.005467260098073833	0.24932803557347769	0.9999385014475777	H1977	evo	E1287_E1977	b	coculture	C09C10	R2A	plate05	12
0.01138481460411953	0.08062092335730939	0.9995911039086542	H1977	anc	A1977_E1977	b	coculture	C11C12	R2A	plate05	12
0.002997197586155003	0.3015975426927858	0.9999595430288042	H1977	evo	A1977_E1977	b	coculture	C11C12	R2A	plate05	12
0.041551631754214155	0.2963697447280244	0.999860944769055	H1287	anc	A1287_E1287	c	coculture	D01D02	R2A	plate05	12
0.036789025477110784	0.19814758755963124	0.9997831271911781	H1287	evo	A1287_E1287	c	coculture	D01D02	R2A	plate05	12
0.04301046178666253	0.27897529586138736	0.9999058004308213	H1287	anc	A1287_A1977	c	coculture	D03D04	R2A	plate05	12
0.010114170404836993	0.06365419625845208	0.9983363228149039	H1977	anc	A1287_A1977	c	coculture	D03D04	R2A	plate05	12
0.03856013192313469	0.29971499355943787	0.9998657564714492	H1287	anc	A1287_E1977	c	coculture	D05D06	R2A	plate05	12
0.007436528278793097	0.23678704127650635	0.9997515445003559	H1977	evo	A1287_E1977	c	coculture	D05D06	R2A	plate05	12
0.024894826132024345	0.2518730159412133	0.9999099567067585	H1287	evo	E1287_A1977	c	coculture	D07D08	R2A	plate05	12
0.010139025269647857	0.06405611709578916	0.9986039084272237	H1977	anc	E1287_A1977	c	coculture	D07D08	R2A	plate05	12
0.10588531953608565	0.12021098497000234	0.9999514204046887	H1287	evo	E1287_E1977	c	coculture	D09D10	R2A	plate05	12
0.0035963575236146583	0.2874572102392235	0.9999068402189173	H1977	evo	E1287_E1977	c	coculture	D09D10	R2A	plate05	12
0.017800593718897733	0.060659654415008334	0.9978817681278576	H1977	anc	A1977_E1977	c	coculture	D11D12	R2A	plate05	12
0.0071613720208784344	0.23265453260085617	0.9999716850351282	H1977	evo	A1977_E1977	c	coculture	D11D12	R2A	plate05	12
0.05781499723493934	0.2485556997511915	0.9997442332066837	H1287	anc	A1287_E1287	d	coculture	E01E02	R2A	plate05	12
0.047330584506821885	0.17298170609160027	0.9998266112807996	H1287	evo	A1287_E1287	d	coculture	E01E02	R2A	plate05	12
0.03960102515701135	0.29026023774169907	0.9998968191562605	H1287	anc	A1287_A1977	d	coculture	E03E04	R2A	plate05	12
0.00896028775604013	0.07021297306188866	0.9982452279460404	H1977	anc	A1287_A1977	d	coculture	E03E04	R2A	plate05	12
0.04891200316560949	0.2697565474174954	0.9997637268095075	H1287	anc	A1287_E1977	d	coculture	E05E06	R2A	plate05	12
0.007811934722319044	0.2353003791806337	0.9999388568685922	H1977	evo	A1287_E1977	d	coculture	E05E06	R2A	plate05	12
0.05172897131954051	0.18776623865579736	0.999943681104289	H1287	evo	E1287_A1977	d	coculture	E07E08	R2A	plate05	12
0.001645638923485375	0.11631896325606782	0.9999085177072954	H1977	anc	E1287_A1977	d	coculture	E07E08	R2A	plate05	12
0.022751497702187092	0.2632279466170017	0.9998295799859427	H1287	evo	E1287_E1977	d	coculture	E09E10	R2A	plate05	12
0.009413490124673731	0.21494121757173612	0.9999292727843911	H1977	evo	E1287_E1977	d	coculture	E09E10	R2A	plate05	12
0.07293522291584847	0.017854734125386025	0.9990464965663611	H1977	anc	A1977_E1977	d	coculture	E11E12	R2A	plate05	12
0.005244313451904899	0.26203045848210316	0.9999613409438929	H1977	evo	A1977_E1977	d	coculture	E11E12	R2A	plate05	12
0.036896954848221794	0.3075626655972503	0.9998486169109602	H1287	anc	A1287_E1287	e	coculture	F01F02	R2A	plate05	12
0.0393577835686826	0.18716777710590135	0.999806594680118	H1287	evo	A1287_E1287	e	coculture	F01F02	R2A	plate05	12
0.03789094916358723	0.3043653236454158	0.9998529661687797	H1287	anc	A1287_A1977	e	coculture	F03F04	R2A	plate05	12
0.029765749437120233	0.03779711406574785	0.9985233330200706	H1977	anc	A1287_A1977	e	coculture	F03F04	R2A	plate05	12
0.03668608039702525	0.303946098270781	0.9998879810314812	H1287	anc	A1287_E1977	e	coculture	F05F06	R2A	plate05	12
0.009403006566770962	0.22714083723388373	0.9998413001678186	H1977	evo	A1287_E1977	e	coculture	F05F06	R2A	plate05	12
0.02481616083016619	0.25675334571596675	0.9998791268520957	H1287	evo	E1287_A1977	e	coculture	F07F08	R2A	plate05	12
0.006423546482482677	0.07019074332490668	0.9978555003099039	H1977	anc	E1287_A1977	e	coculture	F07F08	R2A	plate05	12
0.023632590013086666	0.2510215910223946	0.9998512218419959	H1287	evo	E1287_E1977	e	coculture	F09F10	R2A	plate05	12
0.0031644792383635763	0.296232517189357	0.9998975040307022	H1977	evo	E1287_E1977	e	coculture	F09F10	R2A	plate05	12
0.03526109766931993	0.03853500901915249	0.9988925441249508	H1977	anc	A1977_E1977	e	coculture	F11F12	R2A	plate05	12
0.00638039227861589	0.24006175411937117	0.9999628996928039	H1977	evo	A1977_E1977	e	coculture	F11F12	R2A	plate05	12
0.04068095402009504	0.3014372867338452	0.9998196230198955	H1287	anc	A1287_E1287	f	coculture	G01G02	R2A	plate05	12
0.040087122075153095	0.18133989162398925	0.9997810438186786	H1287	evo	A1287_E1287	f	coculture	G01G02	R2A	plate05	12
0.04032256053285337	0.2893739275741387	0.9999112363781756	H1287	anc	A1287_A1977	f	coculture	G03G04	R2A	plate05	12
0.10707650383840522	0.00820581039747104	0.999054177939882	H1977	anc	A1287_A1977	f	coculture	G03G04	R2A	plate05	12
0.040820360418789343	0.286617929075193	0.9998509667300491	H1287	anc	A1287_E1977	f	coculture	G05G06	R2A	plate05	12
0.01281978100838744	0.20186141717395423	0.9993575751464865	H1977	evo	A1287_E1977	f	coculture	G05G06	R2A	plate05	12
0.03375418074779058	0.2293172303591303	0.9999033857784274	H1287	evo	E1287_A1977	f	coculture	G07G08	R2A	plate05	12
0.0013415060704734603	0.10737245058387392	0.998316890608658	H1977	anc	E1287_A1977	f	coculture	G07G08	R2A	plate05	12
0.02032871470739906	0.26693826186870534	0.9998802641521971	H1287	evo	E1287_E1977	f	coculture	G09G10	R2A	plate05	12
0.007099787404590743	0.24375428837288765	0.9998538079169978	H1977	evo	E1287_E1977	f	coculture	G09G10	R2A	plate05	12
0.11879687781510075	0.007616164698772086	0.9986461092389496	H1977	anc	A1977_E1977	f	coculture	G11G12	R2A	plate05	12
0.0022306168959587477	0.3258919764787907	0.9999284844273659	H1977	evo	A1977_E1977	f	coculture	G11G12	R2A	plate05	12
0.04962197155263575	0.26367058162979745	0.9996543494525937	H1287	anc	A1287_E1287	a	coculture	B01B02	R2A	plate06	16
0.03808460277676278	0.20485482386622983	0.9998089926940169	H1287	evo	A1287_E1287	a	coculture	B01B02	R2A	plate06	16
0.04664430431504325	0.27307665225066946	0.9997424873344937	H1287	anc	A1287_A1977	a	coculture	B03B04	R2A	plate06	16
0.1367889135342058	0.0016199251815747257	0.9954489018090638	H1977	anc	A1287_A1977	a	coculture	B03B04	R2A	plate06	16
0.04705457031333217	0.2654898646799689	0.9997108626315631	H1287	anc	A1287_E1977	a	coculture	B05B06	R2A	plate06	16
0.004272827875397118	0.28338708627713255	0.9998755887371866	H1977	evo	A1287_E1977	a	coculture	B05B06	R2A	plate06	16
0.026815747870507365	0.2420867022020757	0.9998695208400996	H1287	evo	E1287_A1977	a	coculture	B07B08	R2A	plate06	16
0.13920648803780922	0.0024045330553739966	0.9982046393868197	H1977	anc	E1287_A1977	a	coculture	B07B08	R2A	plate06	16
0.027088295054190473	0.23682084297967576	0.9998158499786405	H1287	evo	E1287_E1977	a	coculture	B09B10	R2A	plate06	16
0.007417419726805106	0.2321222706584729	0.9998804956256473	H1977	evo	E1287_E1977	a	coculture	B09B10	R2A	plate06	16
0.15491689033524125	0.0023266374835945263	0.9844131609853736	H1977	anc	A1977_E1977	a	coculture	B11B12	R2A	plate06	16
0.004539615554185104	0.26855432741851076	0.9999523743305329	H1977	evo	A1977_E1977	a	coculture	B11B12	R2A	plate06	16
0.04648986682929462	0.27414194740082465	0.9996074630606896	H1287	anc	A1287_E1287	b	coculture	C01C02	R2A	plate06	16
0.032999298858792214	0.20899222765343947	0.9998282019078224	H1287	evo	A1287_E1287	b	coculture	C01C02	R2A	plate06	16
0.04490102273560019	0.2734849452486456	0.9998767597118673	H1287	anc	A1287_A1977	b	coculture	C03C04	R2A	plate06	16
0.12825473057676315	0.0026797749898991538	0.9978941241190588	H1977	anc	A1287_A1977	b	coculture	C03C04	R2A	plate06	16
0.04555133068409714	0.2781093305481619	0.9998271052950829	H1287	anc	A1287_E1977	b	coculture	C05C06	R2A	plate06	16
0.007986179779797273	0.23028383706312788	0.999967491879501	H1977	evo	A1287_E1977	b	coculture	C05C06	R2A	plate06	16
0.028426991747614927	0.235902173480484	0.9998460645716034	H1287	evo	E1287_A1977	b	coculture	C07C08	R2A	plate06	16
0.14545506127922203	4.5736729945519016e-4	0.9924540289977467	H1977	anc	E1287_A1977	b	coculture	C07C08	R2A	plate06	16
0.028231670468857974	0.23480761477501003	0.9998281513551387	H1287	evo	E1287_E1977	b	coculture	C09C10	R2A	plate06	16
0.0042750340288227094	0.2630881246073175	0.9999170684267001	H1977	evo	E1287_E1977	b	coculture	C09C10	R2A	plate06	16
0.14563484867537355	1.1008956237109659e-4	0.9992408653830724	H1977	anc	A1977_E1977	b	coculture	C11C12	R2A	plate06	16
0.008457894291056393	0.2213734343206051	0.9999582076282969	H1977	evo	A1977_E1977	b	coculture	C11C12	R2A	plate06	16
0.04772181933510344	0.26416729078648576	0.9996896548517826	H1287	anc	A1287_E1287	c	coculture	D01D02	R2A	plate06	16
0.032803307686465194	0.21305716051178789	0.9998264194595953	H1287	evo	A1287_E1287	c	coculture	D01D02	R2A	plate06	16
0.046109898069403486	0.27431554327383045	0.9998689828840533	H1287	anc	A1287_A1977	c	coculture	D03D04	R2A	plate06	16
0.14764614678351307	1.066977746110299e-4	0.9980323646077147	H1977	anc	A1287_A1977	c	coculture	D03D04	R2A	plate06	16
0.04741931120849822	0.2647321651942774	0.9998395974336454	H1287	anc	A1287_E1977	c	coculture	D05D06	R2A	plate06	16
0.007553565059828073	0.22386201258668037	0.9999078890295694	H1977	evo	A1287_E1977	c	coculture	D05D06	R2A	plate06	16
0.029240942897700746	0.23444367546478095	0.9998740161734927	H1287	evo	E1287_A1977	c	coculture	D07D08	R2A	plate06	16
0.15369724979093133	0.02416947962338111	0.9976120882775167	H1977	anc	E1287_A1977	c	coculture	D07D08	R2A	plate06	16
0.02942695816477055	0.23034682697051548	0.9998186502856768	H1287	evo	E1287_E1977	c	coculture	D09D10	R2A	plate06	16
0.005443572430329031	0.24850286630568139	0.9999171025460513	H1977	evo	E1287_E1977	c	coculture	D09D10	R2A	plate06	16
0.14532433668310651	4.869030419046381e-4	0.9982514317401951	H1977	anc	A1977_E1977	c	coculture	D11D12	R2A	plate06	16
0.009543005619527478	0.21410427402379703	0.9999643256326887	H1977	evo	A1977_E1977	c	coculture	D11D12	R2A	plate06	16
0.05281418416285434	0.2531306458046142	0.9996712085723356	H1287	anc	A1287_E1287	d	coculture	E01E02	R2A	plate06	16
0.03301851899353547	0.21317497978264324	0.999799015364389	H1287	evo	A1287_E1287	d	coculture	E01E02	R2A	plate06	16
0.05019330771555675	0.2573692980115232	0.9998018263961669	H1287	anc	A1287_A1977	d	coculture	E03E04	R2A	plate06	16
0.1584632116172405	0.04375084394040502	0.9993195960853389	H1977	anc	A1287_A1977	d	coculture	E03E04	R2A	plate06	16
0.0500234901027554	0.26178197558253846	0.999790935279667	H1287	anc	A1287_E1977	d	coculture	E05E06	R2A	plate06	16
0.005976838426665581	0.2505040891715382	0.9999296750116153	H1977	evo	A1287_E1977	d	coculture	E05E06	R2A	plate06	16
0.09602718536875118	0.12371107591925071	0.999958541963373	H1287	evo	E1287_A1977	d	coculture	E07E08	R2A	plate06	16
0.1385079871734643	0.0013692554959982204	0.9739638671797145	H1977	anc	E1287_A1977	d	coculture	E07E08	R2A	plate06	16
0.029312565842997827	0.23089447378763378	0.9998274528529866	H1287	evo	E1287_E1977	d	coculture	E09E10	R2A	plate06	16
0.007319837026358938	0.2335303245480828	0.9999560222967597	H1977	evo	E1287_E1977	d	coculture	E09E10	R2A	plate06	16
0.1355394813688593	0.0026426022850703683	0.9968954159365788	H1977	anc	A1977_E1977	d	coculture	E11E12	R2A	plate06	16
0.00804515613894947	0.22289781140692633	0.9999559797258903	H1977	evo	A1977_E1977	d	coculture	E11E12	R2A	plate06	16
0.22091605546690998	0.14980746302260262	0.9994824340317121	H1287	anc	A1287_E1287	e	coculture	F01F02	R2A	plate06	16
0.03506380509188002	0.20197229685297974	0.9998516628598556	H1287	evo	A1287_E1287	e	coculture	F01F02	R2A	plate06	16
0.04782452187712724	0.2630420617362179	0.9997477800811613	H1287	anc	A1287_A1977	e	coculture	F03F04	R2A	plate06	16
0.14386358250161319	0.0037891824177933094	0.9965311791681244	H1977	anc	A1287_A1977	e	coculture	F03F04	R2A	plate06	16
0.06966887693871715	0.22206272537432778	0.9996340334213825	H1287	anc	A1287_E1977	e	coculture	F05F06	R2A	plate06	16
0.006900350961662786	0.24590318199623362	0.999864275507555	H1977	evo	A1287_E1977	e	coculture	F05F06	R2A	plate06	16
0.026436319081733856	0.24014749858156215	0.9999091562503323	H1287	evo	E1287_A1977	e	coculture	F07F08	R2A	plate06	16
0.13950302696476216	0.001721470993073418	0.9939046294713555	H1977	anc	E1287_A1977	e	coculture	F07F08	R2A	plate06	16
0.04053691794048593	0.2056091057491641	0.9998016017058929	H1287	evo	E1287_E1977	e	coculture	F09F10	R2A	plate06	16
0.009964864544464961	0.20909026715077592	0.9999581985087298	H1977	evo	E1287_E1977	e	coculture	F09F10	R2A	plate06	16
0.1392219108797236	0.002031376301960683	0.9967748933546905	H1977	anc	A1977_E1977	e	coculture	F11F12	R2A	plate06	16
0.006312618280046841	0.2439411177340622	0.9999750593738884	H1977	evo	A1977_E1977	e	coculture	F11F12	R2A	plate06	16
0.04501140507886848	0.27619135961349583	0.999547535658799	H1287	anc	A1287_E1287	f	coculture	G01G02	R2A	plate06	16
0.03384676894835101	0.21087548523442504	0.9998137999768165	H1287	evo	A1287_E1287	f	coculture	G01G02	R2A	plate06	16
0.051874067779333365	0.2572099037415696	0.9998050252413262	H1287	anc	A1287_A1977	f	coculture	G03G04	R2A	plate06	16
0.13509801045414466	0.0021978200176499094	0.9974453803717056	H1977	anc	A1287_A1977	f	coculture	G03G04	R2A	plate06	16
0.047507721405461896	0.27034098524396205	0.999779421459913	H1287	anc	A1287_E1977	f	coculture	G05G06	R2A	plate06	16
0.007368012074278551	0.2399341358930921	0.9998665042552455	H1977	evo	A1287_E1977	f	coculture	G05G06	R2A	plate06	16
0.02822746714215219	0.23714923814409672	0.9998718554178618	H1287	evo	E1287_A1977	f	coculture	G07G08	R2A	plate06	16
0.14224987218178603	3.74210486840231e-4	0.9982784074003206	H1977	anc	E1287_A1977	f	coculture	G07G08	R2A	plate06	16
0.026302642508584616	0.2436884510932259	0.9997861641356698	H1287	evo	E1287_E1977	f	coculture	G09G10	R2A	plate06	16
0.0044859672748493815	0.2628407278361533	0.9999058351091581	H1977	evo	E1287_E1977	f	coculture	G09G10	R2A	plate06	16
0.14686233922090808	4.4547639032982216e-5	0.9976810237894013	H1977	anc	A1977_E1977	f	coculture	G11G12	R2A	plate06	16
0.003340664705925612	0.29263397652836726	0.9999532110059551	H1977	evo	A1977_E1977	f	coculture	G11G12	R2A	plate06	16
0.04567251798319838	0.2667430009329029	0.9996284316158717	H1287	anc	A1287_E1287	a	coculture	B01B02	R2A	plate07	24
0.03428998300030855	0.22002850738387134	0.9996413491068584	H1287	evo	A1287_E1287	a	coculture	B01B02	R2A	plate07	24
0.054003815847729474	0.24053233877606833	0.9998298380119375	H1287	anc	A1287_A1977	a	coculture	B03B04	R2A	plate07	24
0.114230948241157	0.005456138838946635	0.9946825841703508	H1977	anc	A1287_A1977	a	coculture	B03B04	R2A	plate07	24
0.054678852221617	0.23871898441778786	0.9998180415063863	H1287	anc	A1287_E1977	a	coculture	B05B06	R2A	plate07	24
0.004924871298381809	0.273834366303783	0.9999318826421987	H1977	evo	A1287_E1977	a	coculture	B05B06	R2A	plate07	24
0.024391823520850897	0.2449224199666882	0.9998767080910427	H1287	evo	E1287_A1977	a	coculture	B07B08	R2A	plate07	24
0.14613921684696524	5.496036040450343e-4	0.9973204682738382	H1977	anc	E1287_A1977	a	coculture	B07B08	R2A	plate07	24
0.030486993638448905	0.22878722755247627	0.9998519418095587	H1287	evo	E1287_E1977	a	coculture	B09B10	R2A	plate07	24
0.005703935220159564	0.2586557492055352	0.9998558071316035	H1977	evo	E1287_E1977	a	coculture	B09B10	R2A	plate07	24
0.15883419758762338	0.017168399009361447	0.9995308777262569	H1977	anc	A1977_E1977	a	coculture	B11B12	R2A	plate07	24
0.0022522544897449763	0.3253719948836923	0.9999031310162042	H1977	evo	A1977_E1977	a	coculture	B11B12	R2A	plate07	24
0.050075896404058406	0.25278206902968975	0.9996644752592128	H1287	anc	A1287_E1287	b	coculture	C01C02	R2A	plate07	24
0.035866018789330115	0.21685947047732468	0.9997302618992948	H1287	evo	A1287_E1287	b	coculture	C01C02	R2A	plate07	24
0.051909206556026724	0.2578941311137306	0.9997251877561674	H1287	anc	A1287_A1977	b	coculture	C03C04	R2A	plate07	24
0.15817288237967125	5.601729941281648e-4	0.9979146463520625	H1977	anc	A1287_A1977	b	coculture	C03C04	R2A	plate07	24
0.052538114263281435	0.24509964203457588	0.9997397592788738	H1287	anc	A1287_E1977	b	coculture	C05C06	R2A	plate07	24
0.009277532097315971	0.22275550997911375	0.9999252579136026	H1977	evo	A1287_E1977	b	coculture	C05C06	R2A	plate07	24
0.030766536942878377	0.2188828014899237	0.9999161489581548	H1287	evo	E1287_A1977	b	coculture	C07C08	R2A	plate07	24
0.13394633839525677	0.0026476893649843253	0.9884209034867399	H1977	anc	E1287_A1977	b	coculture	C07C08	R2A	plate07	24
0.029604365428534646	0.22923975915316125	0.9998182643058445	H1287	evo	E1287_E1977	b	coculture	C09C10	R2A	plate07	24
0.006032093652168664	0.248163721402065	0.9999695770127255	H1977	evo	E1287_E1977	b	coculture	C09C10	R2A	plate07	24
0.1578698238966056	0.011404851519812015	0.999041201183277	H1977	anc	A1977_E1977	b	coculture	C11C12	R2A	plate07	24
0.010718268281205224	0.2132161529646009	0.9999460541858858	H1977	evo	A1977_E1977	b	coculture	C11C12	R2A	plate07	24
0.04932569852481399	0.26646821167694046	0.9997932087870081	H1287	anc	A1287_E1287	c	coculture	D01D02	R2A	plate07	24
0.03003428018718261	0.23240095737610605	0.9997562999481461	H1287	evo	A1287_E1287	c	coculture	D01D02	R2A	plate07	24
0.052006771489771335	0.24708262895888472	0.9998482840947343	H1287	anc	A1287_A1977	c	coculture	D03D04	R2A	plate07	24
0.13640471637056187	0.0015889056533978196	0.9976362206861487	H1977	anc	A1287_A1977	c	coculture	D03D04	R2A	plate07	24
0.0497339480571865	0.2483990546033467	0.9998819281147101	H1287	anc	A1287_E1977	c	coculture	D05D06	R2A	plate07	24
0.005314738458605046	0.2583565507217918	0.9998906191831889	H1977	evo	A1287_E1977	c	coculture	D05D06	R2A	plate07	24
0.02609270023994492	0.24302274515464173	0.9998934859509864	H1287	evo	E1287_A1977	c	coculture	D07D08	R2A	plate07	24
0.15991081654027164	0.06405918634275391	0.9989008161027951	H1977	anc	E1287_A1977	c	coculture	D07D08	R2A	plate07	24
0.034601093554698724	0.2098034440660362	0.9998516860677499	H1287	evo	E1287_E1977	c	coculture	D09D10	R2A	plate07	24
0.008375385650305102	0.21949201962862155	0.9999277085721625	H1977	evo	E1287_E1977	c	coculture	D09D10	R2A	plate07	24
0.14005837024143264	0.0018102219149115544	0.9986922040824978	H1977	anc	A1977_E1977	c	coculture	D11D12	R2A	plate07	24
0.009602119889454083	0.21209178664887057	0.9999743029023859	H1977	evo	A1977_E1977	c	coculture	D11D12	R2A	plate07	24
0.04464498443722555	0.2814715179070222	0.999700580985091	H1287	anc	A1287_E1287	d	coculture	E01E02	R2A	plate07	24
0.03475200987084331	0.21584421286081237	0.9997358906157146	H1287	evo	A1287_E1287	d	coculture	E01E02	R2A	plate07	24
0.05498121048884397	0.2251838391692908	0.9998847934946438	H1287	anc	A1287_A1977	d	coculture	E03E04	R2A	plate07	24
0.13599160098690394	0.0017337125416845504	0.995573544039413	H1977	anc	A1287_A1977	d	coculture	E03E04	R2A	plate07	24
0.04551627460392253	0.2747262050734865	0.9998494529155113	H1287	anc	A1287_E1977	d	coculture	E05E06	R2A	plate07	24
0.012772723023042632	0.2006827474866946	0.9999209585660215	H1977	evo	A1287_E1977	d	coculture	E05E06	R2A	plate07	24
0.03313935753521199	0.21560148414853147	0.9998802240315015	H1287	evo	E1287_A1977	d	coculture	E07E08	R2A	plate07	24
0.10841735577926188	0.009139361187130926	0.9822975051862552	H1977	anc	E1287_A1977	d	coculture	E07E08	R2A	plate07	24
0.034608230689882294	0.21166819835217446	0.999840975633719	H1287	evo	E1287_E1977	d	coculture	E09E10	R2A	plate07	24
0.006708711810188128	0.2266432958327378	0.9999418475962739	H1977	evo	E1287_E1977	d	coculture	E09E10	R2A	plate07	24
0.13334649863777673	0.002095576418636197	0.9958124985971679	H1977	anc	A1977_E1977	d	coculture	E11E12	R2A	plate07	24
0.0054241454941657465	0.2392430604937031	0.9999398523041697	H1977	evo	A1977_E1977	d	coculture	E11E12	R2A	plate07	24
0.05283231786466655	0.25572257540676613	0.999663560227576	H1287	anc	A1287_E1287	e	coculture	F01F02	R2A	plate07	24
0.03387982873240909	0.2217381703422922	0.9997189872620569	H1287	evo	A1287_E1287	e	coculture	F01F02	R2A	plate07	24
0.18981686977347692	0.1856763112653825	0.9994783368152664	H1287	anc	A1287_A1977	e	coculture	F03F04	R2A	plate07	24
0.14320224835810824	2.5904857166217707e-4	0.9970536188201805	H1977	anc	A1287_A1977	e	coculture	F03F04	R2A	plate07	24
0.05050400883695181	0.24610106949037605	0.9998967607050783	H1287	anc	A1287_E1977	e	coculture	F05F06	R2A	plate07	24
0.007974837972545933	0.23502503243608064	0.9999114245210233	H1977	evo	A1287_E1977	e	coculture	F05F06	R2A	plate07	24
0.029220003799105696	0.22519957562723572	0.9998673040536145	H1287	evo	E1287_A1977	e	coculture	F07F08	R2A	plate07	24
0.1246697526895505	0.0055205797402128	0.9714654376947288	H1977	anc	E1287_A1977	e	coculture	F07F08	R2A	plate07	24
0.036454878213622165	0.20521644901949873	0.9998723050964087	H1287	evo	E1287_E1977	e	coculture	F09F10	R2A	plate07	24
0.0103252281615491	0.21017486648478065	0.9999673086748626	H1977	evo	E1287_E1977	e	coculture	F09F10	R2A	plate07	24
0.1036147787268723	0.015246761528112142	0.9859069896213364	H1977	anc	A1977_E1977	e	coculture	F11F12	R2A	plate07	24
0.01121652264859578	0.2083824680428163	0.9999769829809136	H1977	evo	A1977_E1977	e	coculture	F11F12	R2A	plate07	24
0.061899084429737405	0.2236391269990066	0.9998193450015788	H1287	anc	A1287_E1287	f	coculture	G01G02	R2A	plate07	24
0.03130623030305632	0.23108368391765666	0.9996543745387282	H1287	evo	A1287_E1287	f	coculture	G01G02	R2A	plate07	24
0.04709999507828136	0.24326297626362525	0.9997673820282511	H1287	anc	A1287_A1977	f	coculture	G03G04	R2A	plate07	24
0.1460172862555926	8.908601447691212e-4	0.9986505183954075	H1977	anc	A1287_A1977	f	coculture	G03G04	R2A	plate07	24
0.04949471451292193	0.24965272174188952	0.9998579959569381	H1287	anc	A1287_E1977	f	coculture	G05G06	R2A	plate07	24
0.0044820206281347376	0.2676054630817139	0.9998779598274949	H1977	evo	A1287_E1977	f	coculture	G05G06	R2A	plate07	24
0.0281722982108149	0.2336700758907741	0.9999052646702815	H1287	evo	E1287_A1977	f	coculture	G07G08	R2A	plate07	24
0.13202627829654381	0.00592260287496497	0.9899380506971337	H1977	anc	E1287_A1977	f	coculture	G07G08	R2A	plate07	24
0.03164333925253467	0.21993501072441382	0.9998904695848367	H1287	evo	E1287_E1977	f	coculture	G09G10	R2A	plate07	24
0.004987641661288756	0.2638699613991027	0.9999323533804246	H1977	evo	E1287_E1977	f	coculture	G09G10	R2A	plate07	24
0.09799281398253827	0.014648222316886844	0.9754109815943057	H1977	anc	A1977_E1977	f	coculture	G11G12	R2A	plate07	24
0.00721013858940666	0.24148402420687368	0.9999435396761879	H1977	evo	A1977_E1977	f	coculture	G11G12	R2A	plate07	24
0.04183226192999877	0.3249978237071396	0.9993745305345823	H1287	anc	NA	a	monoculture	B01B02	R2A	plate08	0
0.014475725983992238	0.26135204266959355	0.9995503648061057	NA	NA	NA	a	monoculture	B01B02	R2A	plate08	0
0.008515948059331159	0.3380007286312542	0.9998565908020843	H1977	anc	NA	a	monoculture	B03B04	R2A	plate08	0
0.14075614103357753	0.0024359410802658613	0.9498008640434393	NA	NA	NA	a	monoculture	B03B04	R2A	plate08	0
0.05379990460726438	0.25714509276395675	0.9998230541297227	H1287	anc	NA	a	monoculture	B05B06	R2A	plate08	4
0.13779090943913086	0.0019016746598772693	0.9527933129432146	NA	NA	NA	a	monoculture	B05B06	R2A	plate08	4
0.012030775187434483	0.2597098590815944	0.9999035950238195	H1977	anc	NA	a	monoculture	B07B08	R2A	plate08	4
0.13730081610622574	0.0023764182011983075	0.9879261693087552	NA	NA	NA	a	monoculture	B07B08	R2A	plate08	4
0.05276639235386486	0.2715797061606512	0.9997741472486166	H1287	anc	NA	a	monoculture	B09B10	R2A	plate08	8
0.012929087035188466	0.06897366006876814	0.9993816909434351	NA	NA	NA	a	monoculture	B09B10	R2A	plate08	8
1.2459637945817857e-4	0.2741460468238034	0.9999686167916502	H1977	anc	NA	a	monoculture	B11B12	R2A	plate08	8
0.14594944079436467	4.976665305846824e-4	0.9072875029161587	NA	NA	NA	a	monoculture	B11B12	R2A	plate08	8
0.045375652863850334	0.3008084829412436	0.9997152472660094	H1287	anc	NA	b	monoculture	C01C02	R2A	plate08	0
0.14552255641874615	1.11427793994483e-4	0.9949508536193631	NA	NA	NA	b	monoculture	C01C02	R2A	plate08	0
0.007771142517672563	0.29990543575504713	0.9998965589860696	H1977	anc	NA	b	monoculture	C03C04	R2A	plate08	0
0.14693739380693385	0.010369620716456142	0.9968633354615276	NA	NA	NA	b	monoculture	C03C04	R2A	plate08	0
0.05272851820744372	0.27432469904705026	0.9999058808440484	H1287	anc	NA	b	monoculture	C05C06	R2A	plate08	4
0.14358886545114888	5.489198714428953e-4	0.7650446807297876	NA	NA	NA	b	monoculture	C05C06	R2A	plate08	4
0.0094799195770631315	0.28761730019373405	0.9999147526890039	H1977	anc	NA	b	monoculture	C07C08	R2A	plate08	4
0.1281943625474138	0.0027242014042939537	0.9902980552791267	NA	NA	NA	b	monoculture	C07C08	R2A	plate08	4
0.05206591877791805	0.2842208123239267	0.9997784226282719	H1287	anc	NA	b	monoculture	C09C10	R2A	plate08	8
0.13657529173918492	0.0027325414446414615	0.96212509923508	NA	NA	NA	b	monoculture	C09C10	R2A	plate08	8
1.510781791123273e-4	0.2462097433264771	0.9999627314977211	H1977	anc	NA	b	monoculture	C11C12	R2A	plate08	8
0.14357624300767924	2.9941167339986096e-4	0.9942615694430618	NA	NA	NA	b	monoculture	C11C12	R2A	plate08	8
0.052726751168076645	0.2813401068496929	0.9997929853442826	H1287	anc	NA	c	monoculture	D01D02	R2A	plate08	0
0.14845726094030964	1.7804664620881805e-4	0.9978047453724092	NA	NA	NA	c	monoculture	D01D02	R2A	plate08	0
0.014710930435933946	0.27176263638734	0.9999438837792815	H1977	anc	NA	c	monoculture	D03D04	R2A	plate08	0
0.14627710700422483	0.006888623641241173	0.9927746285109275	NA	NA	NA	c	monoculture	D03D04	R2A	plate08	0
0.059077296950455896	0.26730093596069926	0.9999015167836098	H1287	anc	NA	c	monoculture	D05D06	R2A	plate08	4
0.1359904466156991	0.0019315232951583432	0.9576777182080559	NA	NA	NA	c	monoculture	D05D06	R2A	plate08	4
0.011250855442918825	0.27328743641914555	0.999905292271514	H1977	anc	NA	c	monoculture	D07D08	R2A	plate08	4
0.15172908207580837	2.6416444624895847e-4	0.9975442468737591	NA	NA	NA	c	monoculture	D07D08	R2A	plate08	4
0.052717848317325046	0.2703015328819319	0.999892883955665	H1287	anc	NA	c	monoculture	D09D10	R2A	plate08	8
0.135698575157249	0.0016177161072280903	0.9869913075958097	NA	NA	NA	c	monoculture	D09D10	R2A	plate08	8
2.9938366336380444e-4	0.23185327712360482	0.9999528380012204	H1977	anc	NA	c	monoculture	D11D12	R2A	plate08	8
0.14300470542358173	9.628307174489531e-4	0.997146010666017	NA	NA	NA	c	monoculture	D11D12	R2A	plate08	8
0.143204382127557	0.0018184915956696852	0.9726815395360917	NA	NA	NA	a	monoculture	E01E02	R2A	plate08	0
0.030261412674058526	0.22909271839205125	0.999883982983648	H1287	evo	NA	a	monoculture	E01E02	R2A	plate08	0
0.004757275121668279	0.2810781786163323	0.9999169780943761	NA	NA	NA	a	monoculture	E03E04	R2A	plate08	0
0.007838581004588408	0.24921876894399625	0.9999200897833239	H1977	evo	NA	a	monoculture	E03E04	R2A	plate08	0
0.13623698096255094	0.0020676391702535305	0.9765111410332147	NA	NA	NA	a	monoculture	E05E06	R2A	plate08	4
0.02711709155561307	0.23722782113931162	0.9998382280788751	H1287	evo	NA	a	monoculture	E05E06	R2A	plate08	4
0.13198714300693049	0.0016810740173141714	0.9593261267993353	NA	NA	NA	a	monoculture	E07E08	R2A	plate08	4
0.009691453630247997	0.22889894888772477	0.9999676950273287	H1977	evo	NA	a	monoculture	E07E08	R2A	plate08	4
0.1495570165255641	0.0016160123033244925	0.9853945038724031	NA	NA	NA	a	monoculture	E09E10	R2A	plate08	8
0.031004763156337566	0.2316215618295246	0.9998358093541293	H1287	evo	NA	a	monoculture	E09E10	R2A	plate08	8
0.1392372473958342	0.001962820913646041	0.9719940264161652	NA	NA	NA	a	monoculture	E11E12	R2A	plate08	8
0.010335803163812291	0.22952200664035532	0.9999726496425446	H1977	evo	NA	a	monoculture	E11E12	R2A	plate08	8
0.1462400698927879	2.90002296913102e-4	0.9864686127443771	NA	NA	NA	b	monoculture	F01F02	R2A	plate08	0
0.02813560719491088	0.2385660078174285	0.9999172854016625	H1287	evo	NA	b	monoculture	F01F02	R2A	plate08	0
0.13995587149169228	0.0011916389510814654	0.9846032616177172	NA	NA	NA	b	monoculture	F03F04	R2A	plate08	0
0.020488532921992285	0.1815735868322081	0.9999573817199644	H1977	evo	NA	b	monoculture	F03F04	R2A	plate08	0
0.14535344949534496	1.932033572950187e-4	0.9970528646526517	NA	NA	NA	b	monoculture	F05F06	R2A	plate08	4
0.030705713723946117	0.22923269291504605	0.9998311240407078	H1287	evo	NA	b	monoculture	F05F06	R2A	plate08	4
0.13227236443067203	0.0024760435620505917	0.9506755589591512	NA	NA	NA	b	monoculture	F07F08	R2A	plate08	4
0.007529494038717989	0.2581047078732822	0.999960170832833	H1977	evo	NA	b	monoculture	F07F08	R2A	plate08	4
0.1454096095237732	0.0012946203010369363	0.9935167715891051	NA	NA	NA	b	monoculture	F09F10	R2A	plate08	8
0.02763686584154119	0.24352612379405894	0.9998432100675132	H1287	evo	NA	b	monoculture	F09F10	R2A	plate08	8
0.14406680288948281	0.0010962954939954387	0.997030862294276	NA	NA	NA	b	monoculture	F11F12	R2A	plate08	8
0.009087082431104102	0.2410207605165282	0.9999606624385374	H1977	evo	NA	b	monoculture	F11F12	R2A	plate08	8
0.1478711867913094	0.002927876341310329	0.9791848286312297	NA	NA	NA	c	monoculture	G01G02	R2A	plate08	0
0.024182807183612095	0.2529428911480541	0.9998925429075025	H1287	evo	NA	c	monoculture	G01G02	R2A	plate08	0
0.16172893870025076	0.11240386410637723	0.9995051076888531	NA	NA	NA	c	monoculture	G03G04	R2A	plate08	0
0.006567156708677124	0.2792360575280517	0.9999543604268327	H1977	evo	NA	c	monoculture	G03G04	R2A	plate08	0
0.1443256515239132	0.0012054465256619697	0.9690477688618327	NA	NA	NA	c	monoculture	G05G06	R2A	plate08	4
0.030448936586899476	0.22772898541457184	0.999826599863387	H1287	evo	NA	c	monoculture	G05G06	R2A	plate08	4
0.13173635772845263	0.0027237751258699016	0.9918399356002302	NA	NA	NA	c	monoculture	G07G08	R2A	plate08	4
0.008520492425388958	0.25194556582489924	0.9999754926069899	H1977	evo	NA	c	monoculture	G07G08	R2A	plate08	4
0.14370219253614738	9.449228734322914e-4	0.99251045893213	NA	NA	NA	c	monoculture	G09G10	R2A	plate08	8
0.04676835376221361	0.19868917503923758	0.999841623297394	H1287	evo	NA	c	monoculture	G09G10	R2A	plate08	8
0.13545735129396827	0.00268879244041306	0.9847673384727096	NA	NA	NA	c	monoculture	G11G12	R2A	plate08	8
0.007231801292420829	0.256791872219758	0.9999410045838234	H1977	evo	NA	c	monoculture	G11G12	R2A	plate08	8
0.05513668304246854	0.26441703365143887	0.99974869039717	H1287	anc	NA	a	monoculture	B01B02	R2A	plate09	12
0.14094975430507914	0.0025311778303447447	0.9450015656610079	NA	NA	NA	a	monoculture	B01B02	R2A	plate09	12
0.003952978353363112	0.2463513707968045	0.9999747983206011	H1977	anc	NA	a	monoculture	B03B04	R2A	plate09	12
0.13567675870777432	0.002743794925396733	0.9786254894371814	NA	NA	NA	a	monoculture	B03B04	R2A	plate09	12
0.04819805357172554	0.2725482003403704	0.9998665577498985	H1287	anc	NA	a	monoculture	B05B06	R2A	plate09	16
0.13488730660591147	0.0022416490212464443	0.9875914685644634	NA	NA	NA	a	monoculture	B05B06	R2A	plate09	16
1.4325079670247983e-4	0.2963227970536321	0.9999470966466297	H1977	anc	NA	a	monoculture	B07B08	R2A	plate09	16
0.13366168793322064	0.0022977689896880845	0.9823228298735306	NA	NA	NA	a	monoculture	B07B08	R2A	plate09	16
0.056553760126523786	0.24679799877207226	0.9998657713124682	H1287	anc	NA	a	monoculture	B09B10	R2A	plate09	24
0.13873642662707178	0.0021087809626306	0.8445311197198172	NA	NA	NA	a	monoculture	B09B10	R2A	plate09	24
0.1240285019454043	0.0037015194879617256	0.9901667715516448	H1977	anc	NA	a	monoculture	B11B12	R2A	plate09	24
0.13835298469974391	0.0013574160810629352	0.9291379902771021	NA	NA	NA	a	monoculture	B11B12	R2A	plate09	24
0.05249356772761302	0.26369497247125834	0.9997656087074899	H1287	anc	NA	b	monoculture	C01C02	R2A	plate09	12
0.13799251611026764	0.0021179578955315905	0.8646283667208772	NA	NA	NA	b	monoculture	C01C02	R2A	plate09	12
0.005349865489143089	0.2155592056407733	0.9999428653677278	H1977	anc	NA	b	monoculture	C03C04	R2A	plate09	12
0.13482929201265229	0.0017882679340582037	0.9574723832844197	NA	NA	NA	b	monoculture	C03C04	R2A	plate09	12
0.04333638769668205	0.3038612700713935	0.9998759864901816	H1287	anc	NA	b	monoculture	C05C06	R2A	plate09	16
0.033607841943292624	0.24001108540865804	0.9996424470917782	NA	NA	NA	b	monoculture	C05C06	R2A	plate09	16
1.2838437901166984e-4	0.2931300415080752	0.9999238705190625	H1977	anc	NA	b	monoculture	C07C08	R2A	plate09	16
6.548090041531286e-5	0.24359759452047747	0.9998354514585243	NA	NA	NA	b	monoculture	C07C08	R2A	plate09	16
0.055327878023150256	0.2597099174165163	0.9998988083718696	H1287	anc	NA	b	monoculture	C09C10	R2A	plate09	24
0.14148773878366938	8.893304248744912e-4	0.9898789393248552	NA	NA	NA	b	monoculture	C09C10	R2A	plate09	24
0.1384281514204257	0.024212593466772077	0.9975986936630572	H1977	anc	NA	b	monoculture	C11C12	R2A	plate09	24
0.14741565223103856	0.0012533212848438975	0.9500275535046658	NA	NA	NA	b	monoculture	C11C12	R2A	plate09	24
0.05600203827809865	0.2584268562441907	0.9998267196288684	H1287	anc	NA	c	monoculture	D01D02	R2A	plate09	12
0.13864023120536845	4.8767797443539945e-4	0.985762144044877	NA	NA	NA	c	monoculture	D01D02	R2A	plate09	12
0.003784927317742837	0.23559366670528908	0.9999834031157603	H1977	anc	NA	c	monoculture	D03D04	R2A	plate09	12
0.13644103794052875	0.0014651909840740576	0.9137200813968078	NA	NA	NA	c	monoculture	D03D04	R2A	plate09	12
0.04453607359429314	0.30247249020961514	0.9998331423573836	H1287	anc	NA	c	monoculture	D05D06	R2A	plate09	16
0.14394392468173234	0.00110073346527366	0.9902714402049339	NA	NA	NA	c	monoculture	D05D06	R2A	plate09	16
1.8496796083495703e-4	0.27525309145262933	0.9999349848946993	H1977	anc	NA	c	monoculture	D07D08	R2A	plate09	16
0.13776701231081126	0.0024707185442166273	0.9928622924357317	NA	NA	NA	c	monoculture	D07D08	R2A	plate09	16
0.05429374855295221	0.27128454910380806	0.9998590186863459	H1287	anc	NA	c	monoculture	D09D10	R2A	plate09	24
0.1470082139588316	9.745974328369626e-4	0.9749217144357547	NA	NA	NA	c	monoculture	D09D10	R2A	plate09	24
0.14687507774258202	6.07053352228933e-4	0.9601646440687014	H1977	anc	NA	c	monoculture	D11D12	R2A	plate09	24
0.1524010369460632	0.0019241516237648742	0.9926388110931375	NA	NA	NA	c	monoculture	D11D12	R2A	plate09	24
0.13568536384941107	0.0015334182882919707	0.8811315067174151	NA	NA	NA	a	monoculture	E01E02	R2A	plate09	12
0.029226816949504134	0.22904026327763344	0.9998559479387643	H1287	evo	NA	a	monoculture	E01E02	R2A	plate09	12
0.144173153757477	8.233311907889477e-4	0.821352957162975	NA	NA	NA	a	monoculture	E03E04	R2A	plate09	12
0.013048215199061571	0.21594955069959737	0.9999468151324143	H1977	evo	NA	a	monoculture	E03E04	R2A	plate09	12
0.13816006934930444	0.001329170833776602	0.9739536963344351	NA	NA	NA	a	monoculture	E05E06	R2A	plate09	16
0.025764242359489556	0.2517524847553653	0.9998258973542764	H1287	evo	NA	a	monoculture	E05E06	R2A	plate09	16
0.0039411633291429405	0.09803480803550466	0.997669495518074	NA	NA	NA	a	monoculture	E07E08	R2A	plate09	16
0.014650661603412475	0.20772307715047508	0.9999719667943596	H1977	evo	NA	a	monoculture	E07E08	R2A	plate09	16
0.1384528989630472	0.001638364820335035	0.9399334201091616	NA	NA	NA	a	monoculture	E09E10	R2A	plate09	24
0.030671737031882397	0.23333597475695864	0.9998719123742765	H1287	evo	NA	a	monoculture	E09E10	R2A	plate09	24
0.14963290218715883	4.53195991035764e-4	0.9983760074273788	NA	NA	NA	a	monoculture	E11E12	R2A	plate09	24
0.010476386282313366	0.2214030221000815	0.999970130484021	H1977	evo	NA	a	monoculture	E11E12	R2A	plate09	24
0.14198499458748623	9.616852552660083e-4	0.9544767797316317	NA	NA	NA	b	monoculture	F01F02	R2A	plate09	12
0.02787635468018046	0.23298749000365515	0.9998325210245769	H1287	evo	NA	b	monoculture	F01F02	R2A	plate09	12
0.14326190189168617	6.317011134808297e-4	0.9943644127841138	NA	NA	NA	b	monoculture	F03F04	R2A	plate09	12
0.014563014372359469	0.206607029074673	0.9999636196844248	H1977	evo	NA	b	monoculture	F03F04	R2A	plate09	12
0.14578647632249483	1.0601206994582255e-4	0.9957928200799065	NA	NA	NA	b	monoculture	F05F06	R2A	plate09	16
0.0295246638910952	0.23136055247564183	0.9998412322015681	H1287	evo	NA	b	monoculture	F05F06	R2A	plate09	16
0.13413412999491134	0.001849633353672322	0.9793523658101064	NA	NA	NA	b	monoculture	F07F08	R2A	plate09	16
0.012683022568037083	0.21948681584602245	0.9999655437754645	H1977	evo	NA	b	monoculture	F07F08	R2A	plate09	16
0.14192905700645886	9.328106695944941e-5	0.9367557600931525	NA	NA	NA	b	monoculture	F09F10	R2A	plate09	24
0.02899763139404208	0.23442745012538446	0.999878541704933	H1287	evo	NA	b	monoculture	F09F10	R2A	plate09	24
0.1476646173087622	4.627251065071302e-4	0.98809150012935	NA	NA	NA	b	monoculture	F11F12	R2A	plate09	24
0.009282325500585277	0.218763208018199	0.9999419758800334	H1977	evo	NA	b	monoculture	F11F12	R2A	plate09	24
0.14767281182779285	1.765652536068127e-4	0.9974233915923558	NA	NA	NA	c	monoculture	G01G02	R2A	plate09	12
0.028723910101848077	0.22961909028503047	0.9998844461464139	H1287	evo	NA	c	monoculture	G01G02	R2A	plate09	12
0.14880524932544764	1.34466002406776e-4	0.9968053996614153	NA	NA	NA	c	monoculture	G03G04	R2A	plate09	12
0.008185386905538942	0.25433248110208323	0.9999398851363325	H1977	evo	NA	c	monoculture	G03G04	R2A	plate09	12
0.1426618745493916	0.001999472701860128	0.9884313480833271	NA	NA	NA	c	monoculture	G05G06	R2A	plate09	16
0.02965865151161052	0.23173928030656282	0.9998249283924995	H1287	evo	NA	c	monoculture	G05G06	R2A	plate09	16
0.14876122773410425	8.887555351797507e-5	0.9962073596714085	NA	NA	NA	c	monoculture	G07G08	R2A	plate09	16
0.008008869719021448	0.25824507153283716	0.9999435378575762	H1977	evo	NA	c	monoculture	G07G08	R2A	plate09	16
0.002641741776023551	0.20411773430180702	0.9998262307757224	NA	NA	NA	c	monoculture	G09G10	R2A	plate09	24
0.028230317484273855	0.23792563938515235	0.9998193800711648	H1287	evo	NA	c	monoculture	G09G10	R2A	plate09	24
0.13499795801982378	0.0022465438041371654	0.9679010343944326	NA	NA	NA	c	monoculture	G11G12	R2A	plate09	24
0.005133918261238372	0.2749721853081511	0.999972145188098	H1977	evo	NA	c	monoculture	G11G12	R2A	plate09	24
0.054745404786936035	0.271121454392755	0.9996072009666515	H1287	anc	A1287_E1287	a	coculture	B01B02	R2A	plate10	64
0.03199458981938155	0.23850811007112824	0.9997031505013875	H1287	evo	A1287_E1287	a	coculture	B01B02	R2A	plate10	64
0.056591214360472895	0.2544252386303543	0.9997555678241401	H1287	anc	A1287_E1977	a	coculture	B03B04	R2A	plate10	64
0.012463729028485141	0.22823372425340988	0.9998632109719108	H1977	evo	A1287_E1977	a	coculture	B03B04	R2A	plate10	64
0.029134145118665394	0.24373847073740654	0.9997951591528207	H1287	evo	E1287_E1977	a	coculture	B05B06	R2A	plate10	64
0.010219936487801166	0.24174112078442742	0.9998927359821549	H1977	evo	E1287_E1977	a	coculture	B05B06	R2A	plate10	64
0.045969930363668664	0.13202700889800378	0.9999286684854338	H1287	anc	A1287_E1287	a	coculture	B07B08	R2A	plate10	256
0.030206721282142274	0.24099875820751207	0.9997985703237783	H1287	evo	A1287_E1287	a	coculture	B07B08	R2A	plate10	256
0.04797100484149007	0.13661614708438483	0.9999372934275109	H1287	anc	A1287_E1977	a	coculture	B09B10	R2A	plate10	256
0.008087850299809627	0.25811015895250744	0.9998652140350411	H1977	evo	A1287_E1977	a	coculture	B09B10	R2A	plate10	256
0.03294293779771778	0.22168445727544575	0.9998296341253741	H1287	evo	E1287_E1977	a	coculture	B11B12	R2A	plate10	256
0.028406208693437653	0.1762581983049002	0.9998819035393147	H1977	evo	E1287_E1977	a	coculture	B11B12	R2A	plate10	256
0.055751373998849954	0.24402031033365665	0.9997375753901605	H1287	anc	A1287_E1287	b	coculture	C01C02	R2A	plate10	64
0.032999001929737516	0.24006016870435767	0.9996661741885638	H1287	evo	A1287_E1287	b	coculture	C01C02	R2A	plate10	64
0.058997943511280564	0.2487312856163947	0.9997752965445618	H1287	anc	A1287_E1977	b	coculture	C03C04	R2A	plate10	64
0.02442944313381366	0.17580087708184533	0.999918066749607	H1977	evo	A1287_E1977	b	coculture	C03C04	R2A	plate10	64
0.027435226693566937	0.24428109371745108	0.9998567973851259	H1287	evo	E1287_E1977	b	coculture	C05C06	R2A	plate10	64
0.014256110145788104	0.2167153934641058	0.9999395973728534	H1977	evo	E1287_E1977	b	coculture	C05C06	R2A	plate10	64
0.010335251411608267	0.2631175321591862	0.9995192761733518	H1287	anc	A1287_E1287	b	coculture	C07C08	R2A	plate10	256
0.028511744800813407	0.25057036646714365	0.9997842467348508	H1287	evo	A1287_E1287	b	coculture	C07C08	R2A	plate10	256
0.008927722759141882	0.2672929426060128	0.9994444705688481	H1287	anc	A1287_E1977	b	coculture	C09C10	R2A	plate10	256
0.00644730930295529	0.2724013141887628	0.9999232137817632	H1977	evo	A1287_E1977	b	coculture	C09C10	R2A	plate10	256
0.03123104286469051	0.23158568926621456	0.9998481559267207	H1287	evo	E1287_E1977	b	coculture	C11C12	R2A	plate10	256
0.01430231073302795	0.21483627721858115	0.9999346488057314	H1977	evo	E1287_E1977	b	coculture	C11C12	R2A	plate10	256
0.04690349397773882	0.2907935942445049	0.999336292256602	H1287	anc	A1287_E1287	c	coculture	D01D02	R2A	plate10	64
0.03026725056859198	0.24184659032422529	0.9997550011006123	H1287	evo	A1287_E1287	c	coculture	D01D02	R2A	plate10	64
0.06056540938638554	0.2380790186080961	0.9997647760598538	H1287	anc	A1287_E1977	c	coculture	D03D04	R2A	plate10	64
0.014869965006165765	0.20296899312849578	0.9999184502038555	H1977	evo	A1287_E1977	c	coculture	D03D04	R2A	plate10	64
0.02973974355793352	0.24191290756904235	0.9998406311924047	H1287	evo	E1287_E1977	c	coculture	D05D06	R2A	plate10	64
0.017782846113723973	0.2010772795584534	0.9999803610767355	H1977	evo	E1287_E1977	c	coculture	D05D06	R2A	plate10	64
0.011908704831457244	0.23993133056062593	0.9995680067063472	H1287	anc	A1287_E1287	c	coculture	D07D08	R2A	plate10	256
0.030525842575048052	0.24896274715213015	0.9997723983581314	H1287	evo	A1287_E1287	c	coculture	D07D08	R2A	plate10	256
0.01177686231733555	0.26823712817214646	0.9992281522710529	H1287	anc	A1287_E1977	c	coculture	D09D10	R2A	plate10	256
0.017973699803627924	0.1954050972215223	0.9999476907895077	H1977	evo	A1287_E1977	c	coculture	D09D10	R2A	plate10	256
0.03551122385326722	0.22280124129668558	0.9998340733856683	H1287	evo	E1287_E1977	c	coculture	D11D12	R2A	plate10	256
0.005727347168630553	0.25550830725565854	0.9999261853764431	H1977	evo	E1287_E1977	c	coculture	D11D12	R2A	plate10	256
0.062114475818172324	0.2383400029743236	0.9997463549925224	H1287	anc	A1287_E1287	d	coculture	E01E02	R2A	plate10	64
0.02922200498475659	0.24779416562888607	0.9996998758406813	H1287	evo	A1287_E1287	d	coculture	E01E02	R2A	plate10	64
0.053778350703432315	0.2545610093291336	0.9998372716412377	H1287	anc	A1287_E1977	d	coculture	E03E04	R2A	plate10	64
0.014458459652677782	0.20076845437543012	0.9999250088033994	H1977	evo	A1287_E1977	d	coculture	E03E04	R2A	plate10	64
0.03393520204330144	0.22152653170475636	0.9998003259062216	H1287	evo	E1287_E1977	d	coculture	E05E06	R2A	plate10	64
0.018200015789704885	0.18938545613572008	0.99993038909741	H1977	evo	E1287_E1977	d	coculture	E05E06	R2A	plate10	64
0.06265657756228306	0.1548797653701643	0.9998058735703815	H1287	anc	A1287_E1287	d	coculture	E07E08	R2A	plate10	256
0.029071390195466142	0.24902279242779654	0.999793191333325	H1287	evo	A1287_E1287	d	coculture	E07E08	R2A	plate10	256
0.02215070174610196	0.2214904612018869	0.9997498089018426	H1287	anc	A1287_E1977	d	coculture	E09E10	R2A	plate10	256
0.010442163854041061	0.23691062350926634	0.9999423121269619	H1977	evo	A1287_E1977	d	coculture	E09E10	R2A	plate10	256
0.031305087290915565	0.22717769828461018	0.9998507838511452	H1287	evo	E1287_E1977	d	coculture	E11E12	R2A	plate10	256
0.004492382727184597	0.2604071053169815	0.9999268769318331	H1977	evo	E1287_E1977	d	coculture	E11E12	R2A	plate10	256
0.05568965375960417	0.24239591464251523	0.9996914584071488	H1287	anc	A1287_E1287	e	coculture	F01F02	R2A	plate10	64
0.030562498839983	0.24250138735493554	0.9997217653113252	H1287	evo	A1287_E1287	e	coculture	F01F02	R2A	plate10	64
0.04760859080330257	0.30429494050693817	0.9991306336055571	H1287	anc	A1287_E1977	e	coculture	F03F04	R2A	plate10	64
0.0122426563386972	0.21065006057958965	0.9999472029427694	H1977	evo	A1287_E1977	e	coculture	F03F04	R2A	plate10	64
0.029744763596904943	0.23625053917844896	0.9998244307694788	H1287	evo	E1287_E1977	e	coculture	F05F06	R2A	plate10	64
0.011749727609266009	0.23040250050961103	0.9999472470275104	H1977	evo	E1287_E1977	e	coculture	F05F06	R2A	plate10	64
0.03525164542474313	0.1974458650221818	0.9995827510224433	H1287	anc	A1287_E1287	e	coculture	F07F08	R2A	plate10	256
0.028664578633394593	0.24986582234096424	0.9997915891707057	H1287	evo	A1287_E1287	e	coculture	F07F08	R2A	plate10	256
0.0089401137099604025	0.27908299356062155	0.999242444749895	H1287	anc	A1287_E1977	e	coculture	F09F10	R2A	plate10	256
0.011475604440591768	0.22837225294199298	0.9999520617055121	H1977	evo	A1287_E1977	e	coculture	F09F10	R2A	plate10	256
0.032642166938909756	0.22660834119552667	0.9998656488642851	H1287	evo	E1287_E1977	e	coculture	F11F12	R2A	plate10	256
0.010911203685416522	0.22056705758298578	0.9999619321376038	H1977	evo	E1287_E1977	e	coculture	F11F12	R2A	plate10	256
0.05439722552366414	0.2496527969333149	0.9996975294199872	H1287	anc	A1287_E1287	f	coculture	G01G02	R2A	plate10	64
0.03110870421961978	0.24120273703132644	0.9996780428471264	H1287	evo	A1287_E1287	f	coculture	G01G02	R2A	plate10	64
0.06431699354523425	0.24447893960527664	0.9997299265991453	H1287	anc	A1287_E1977	f	coculture	G03G04	R2A	plate10	64
0.014856561422211501	0.2103313153782188	0.9998807801330324	H1977	evo	A1287_E1977	f	coculture	G03G04	R2A	plate10	64
0.02816964702760581	0.22883567091166152	0.999808339035273	H1287	evo	E1287_E1977	f	coculture	G05G06	R2A	plate10	64
0.008470022585282101	0.25546247268040323	0.9999056792525293	H1977	evo	E1287_E1977	f	coculture	G05G06	R2A	plate10	64
0.016688035377968168	0.18616016811266925	0.9998993300428453	H1287	anc	A1287_E1287	f	coculture	G07G08	R2A	plate10	256
0.026046497177862577	0.2721854879112543	0.9997257393281153	H1287	evo	A1287_E1287	f	coculture	G07G08	R2A	plate10	256
0.014281366706075032	0.2133802654520448	0.99985046478209	H1287	anc	A1287_E1977	f	coculture	G09G10	R2A	plate10	256
0.006232835115107837	0.27320424649575575	0.9999426539112457	H1977	evo	A1287_E1977	f	coculture	G09G10	R2A	plate10	256
0.029761271343844754	0.23769639053724756	0.9998260429507959	H1287	evo	E1287_E1977	f	coculture	G11G12	R2A	plate10	256
0.009905628948708924	0.23376803722809644	0.9999600289736555	H1977	evo	E1287_E1977	f	coculture	G11G12	R2A	plate10	256
0.028073928166181712	0.254267521375276	0.9997196108506434	H1287	evo	E1287_E1977	a	coculture	B01B02	R2A	plate11	1024
0.013359869010202923	0.21880851073418284	0.9998788575800538	H1977	evo	E1287_E1977	a	coculture	B01B02	R2A	plate11	1024
0.031352784290670184	0.24438929842496085	0.9998484837942319	H1287	evo	NA	a	monoculture	B03B04	R2A	plate11	1024
0.13949088827169387	0.0018205835881545472	0.9617315452537731	NA	NA	NA	a	monoculture	B03B04	R2A	plate11	1024
0.031216630093909705	0.23886635430027608	0.9997839526407342	H1287	evo	E1287_E1977	a	coculture	B05B06	R2A	plate11	4096
0.016174661360843702	0.1875434307908421	0.9999412462134988	H1977	evo	E1287_E1977	a	coculture	B05B06	R2A	plate11	4096
0.02941983237539714	0.24333084226824378	0.9998334931788215	H1287	evo	NA	a	monoculture	B07B08	R2A	plate11	4096
0.14347176018487148	9.552074011194725e-5	0.9964346832069727	NA	NA	NA	a	monoculture	B07B08	R2A	plate11	4096
0.029296673471199467	0.24830049279026434	0.9998223530766985	H1287	evo	NA	a	monoculture	B09B10	R2A	plate11	64
0.13931152746293102	0.0019872597683895103	0.9906609665107553	NA	NA	NA	a	monoculture	B09B10	R2A	plate11	64
0.030242267012434543	0.24781073358908576	0.9998500690520282	H1287	evo	NA	a	monoculture	B11B12	R2A	plate11	256
0.1419903461401243	0.002460113076420987	0.9735650066650703	NA	NA	NA	a	monoculture	B11B12	R2A	plate11	256
0.030273980424407217	0.24735121934854795	0.9997798145197492	H1287	evo	E1287_E1977	b	coculture	C01C02	R2A	plate11	1024
0.01377962386186456	0.21092119232437498	0.9999380770882365	H1977	evo	E1287_E1977	b	coculture	C01C02	R2A	plate11	1024
0.03364920121364752	0.24075753612811357	0.9998231078878436	H1287	evo	NA	b	monoculture	C03C04	R2A	plate11	1024
0.1392695681824406	0.0022865831479037843	0.9329601427055793	NA	NA	NA	b	monoculture	C03C04	R2A	plate11	1024
0.028001851756201884	0.24970869168221946	0.999814782069017	H1287	evo	E1287_E1977	b	coculture	C05C06	R2A	plate11	4096
0.009669537191117083	0.22268866220995037	0.9999565190779275	H1977	evo	E1287_E1977	b	coculture	C05C06	R2A	plate11	4096
0.03341529230660501	0.23525578461601737	0.9998407224268929	H1287	evo	NA	b	monoculture	C07C08	R2A	plate11	4096
0.1407597984073649	0.0014282884038649135	0.9776275707974913	NA	NA	NA	b	monoculture	C07C08	R2A	plate11	4096
0.028100681406353443	0.25993568797926203	0.9998053402892036	H1287	evo	NA	b	monoculture	C09C10	R2A	plate11	64
0.15016941127272987	0.0019141562850209105	0.9582467817129291	NA	NA	NA	b	monoculture	C09C10	R2A	plate11	64
0.0315781436935594	0.2451999566456974	0.999872222599623	H1287	evo	NA	b	monoculture	C11C12	R2A	plate11	256
0.14782100101758874	1.5333994626252312e-4	0.9953515105959899	NA	NA	NA	b	monoculture	C11C12	R2A	plate11	256
0.025583436878650945	0.26397949531517123	0.9996925734986819	H1287	evo	E1287_E1977	c	coculture	D01D02	R2A	plate11	1024
0.011674502829122808	0.22864291471726633	0.9999279741098807	H1977	evo	E1287_E1977	c	coculture	D01D02	R2A	plate11	1024
0.031149782617843447	0.24686420773201537	0.9998343542082814	H1287	evo	NA	c	monoculture	D03D04	R2A	plate11	1024
0.14003574067860647	5.69166050670901e-4	0.9883792424593596	NA	NA	NA	c	monoculture	D03D04	R2A	plate11	1024
0.031865912720608756	0.24023246980473903	0.9998131303505059	H1287	evo	E1287_E1977	c	coculture	D05D06	R2A	plate11	4096
0.01657568101252709	0.18181461318992337	0.9999293303134772	H1977	evo	E1287_E1977	c	coculture	D05D06	R2A	plate11	4096
0.030977845103308164	0.23938948653573475	0.999834036293145	H1287	evo	NA	c	monoculture	D07D08	R2A	plate11	4096
0.14097605652079126	0.002035333655422426	0.9698832824797102	NA	NA	NA	c	monoculture	D07D08	R2A	plate11	4096
0.02771803772115091	0.26232452539319695	0.9997891904791156	H1287	evo	NA	c	monoculture	D09D10	R2A	plate11	64
0.14779770023249963	1.1245385328815047e-4	0.9980575093489642	NA	NA	NA	c	monoculture	D09D10	R2A	plate11	64
0.02909428954924447	0.25040354764497036	0.9998298228682383	H1287	evo	NA	c	monoculture	D11D12	R2A	plate11	256
0.13902530848211814	0.0010148018617085475	0.996157130006197	NA	NA	NA	c	monoculture	D11D12	R2A	plate11	256
0.029451187111716008	0.25225300856175004	0.9997463753932894	H1287	evo	E1287_E1977	d	coculture	E01E02	R2A	plate11	1024
0.016903808261939025	0.1867264566905296	0.9999482881872269	H1977	evo	E1287_E1977	d	coculture	E01E02	R2A	plate11	1024
0.1325130911897842	0.0020029807186784498	0.9856688873572945	NA	NA	NA	a	monoculture	E03E04	R2A	plate11	1024
0.017174469616234117	0.1933975040085673	0.9999437332404892	H1977	evo	NA	a	monoculture	E03E04	R2A	plate11	1024
0.026486738763736237	0.26072142912270213	0.9997900319570705	H1287	evo	E1287_E1977	d	coculture	E05E06	R2A	plate11	4096
0.01053785526296217	0.202746875278181	0.999942693595985	H1977	evo	E1287_E1977	d	coculture	E05E06	R2A	plate11	4096
0.16615391785844635	0.09132626408730872	0.9996375084673298	NA	NA	NA	a	monoculture	E07E08	R2A	plate11	4096
0.29078972921290724	0.06132210100056311	0.9996814665177745	H1977	evo	NA	a	monoculture	E07E08	R2A	plate11	4096
0.14223578274281828	1.1376479394543493e-4	0.9976938029401689	NA	NA	NA	a	monoculture	E09E10	R2A	plate11	64
0.008268809279710758	0.2444613910016931	0.9999493722503321	H1977	evo	NA	a	monoculture	E09E10	R2A	plate11	64
0.1482214956035039	0.0015733310422522714	0.996452636884522	NA	NA	NA	a	monoculture	E11E12	R2A	plate11	256
0.009780143445977912	0.23488058461823588	0.9999747752257636	H1977	evo	NA	a	monoculture	E11E12	R2A	plate11	256
0.027264373630536617	0.2559950292804146	0.999748983020791	H1287	evo	E1287_E1977	e	coculture	F01F02	R2A	plate11	1024
0.014236837659798688	0.2125258985562672	0.9999325408545807	H1977	evo	E1287_E1977	e	coculture	F01F02	R2A	plate11	1024
0.13483476099863317	0.0011214198432092802	0.7636311753125403	NA	NA	NA	b	monoculture	F03F04	R2A	plate11	1024
0.018280153285114294	0.19212786931187265	0.999938723553971	H1977	evo	NA	b	monoculture	F03F04	R2A	plate11	1024
0.02901003987883851	0.24918037689449002	0.9998085704947509	H1287	evo	E1287_E1977	e	coculture	F05F06	R2A	plate11	4096
0.015512480257896638	0.18398813786562337	0.9999106454851837	H1977	evo	E1287_E1977	e	coculture	F05F06	R2A	plate11	4096
0.14139435217993368	4.8816568538744785e-4	0.689921377663842	NA	NA	NA	b	monoculture	F07F08	R2A	plate11	4096
0.009636295407876382	0.218367522172484	0.9999369959072409	H1977	evo	NA	b	monoculture	F07F08	R2A	plate11	4096
0.1408968522547911	0.0018928511461708795	0.9891052425063764	NA	NA	NA	b	monoculture	F09F10	R2A	plate11	64
0.005492369175092635	0.2811537519512618	0.9999683605876346	H1977	evo	NA	b	monoculture	F09F10	R2A	plate11	64
0.14312679820669025	0.001999827531310875	0.9202276282385733	NA	NA	NA	b	monoculture	F11F12	R2A	plate11	256
0.011548591988109511	0.21592979974284537	0.9999483786957881	H1977	evo	NA	b	monoculture	F11F12	R2A	plate11	256
0.02632702960053737	0.2599756636123242	0.9997513183007364	H1287	evo	E1287_E1977	f	coculture	G01G02	R2A	plate11	1024
0.01886760928513515	0.1851790395390031	0.999839009783358	H1977	evo	E1287_E1977	f	coculture	G01G02	R2A	plate11	1024
0.13860820767199167	8.337974237938627e-4	0.9918656629299224	NA	NA	NA	c	monoculture	G03G04	R2A	plate11	1024
0.010414426575733058	0.23337402383166841	0.9999173896108094	H1977	evo	NA	c	monoculture	G03G04	R2A	plate11	1024
0.02759404351476191	0.2503809200021924	0.9998021663015867	H1287	evo	E1287_E1977	f	coculture	G05G06	R2A	plate11	4096
0.00997942340256674	0.22073004088939446	0.9999107989315104	H1977	evo	E1287_E1977	f	coculture	G05G06	R2A	plate11	4096
0.1466260037689182	0.009189989476183043	0.9955516402127157	NA	NA	NA	c	monoculture	G07G08	R2A	plate11	4096
0.009637053988476247	0.21890811981244876	0.9999531255383638	H1977	evo	NA	c	monoculture	G07G08	R2A	plate11	4096
0.14858015309094041	1.5972838552176912e-4	0.9960525577559204	NA	NA	NA	c	monoculture	G09G10	R2A	plate11	64
0.010227022911667641	0.23109090625740886	0.9999541238057731	H1977	evo	NA	c	monoculture	G09G10	R2A	plate11	64
0.1431233973899609	4.90614852318473e-4	0.9875411056930791	NA	NA	NA	c	monoculture	G11G12	R2A	plate11	256
0.011013890780696128	0.22750988236239328	0.999954505252613	H1977	evo	NA	c	monoculture	G11G12	R2A	plate11	256
