y0	mumax	r2	strain	evolution	competition_pair	replicate	culture_type	joined_well_pair	media	plate_name	strep_conc
0.03909288887165715	0.03372818328992194	0.9997843612989628	H1287	anc	NA	a	diffusion_test_M9_start	B01B02	M9	diffusion_test	NA
0.13448622091451645	0.0022404141975418024	0.9861294923775125	NA	NA	NA	a	diffusion_test_M9_start	B01B02	R2A	diffusion_test	NA
0.05968766027938412	0.03747447960257239	0.9999642719483396	H1287	evo	NA	a	diffusion_test_M9_start	B03B04	M9	diffusion_test	NA
0.1426485242958116	0.0013763398067499547	0.9975870196629747	NA	NA	NA	a	diffusion_test_M9_start	B03B04	R2A	diffusion_test	NA
0.04813285469497792	0.10869225447860695	0.9998891423305241	H1977	anc	NA	a	diffusion_test_M9_start	B05B06	M9	diffusion_test	NA
0.14202441895997767	0.0013037415638468435	0.9894845040546411	NA	NA	NA	a	diffusion_test_M9_start	B05B06	R2A	diffusion_test	NA
0.026615754094189193	0.04778629720703205	0.9999504195933301	H1977	evo	NA	a	diffusion_test_M9_start	B07B08	M9	diffusion_test	NA
0.13992535537470893	7.431268649903695e-5	0.9740133093230778	NA	NA	NA	a	diffusion_test_M9_start	B07B08	R2A	diffusion_test	NA
0.146739354345514	2.0062273277412671e-4	0.9959425360581495	NA	NA	NA	a	double_broth	B09B10	R2A	diffusion_test	NA
0.04551327438173644	0.26624470549940155	0.9997840369171501	H1287	anc	NA	a	double_broth	B09B10	R2A	diffusion_test	NA
0.13676176356377387	0.0026139511586573965	0.9886890246942832	NA	NA	NA	a	double_broth	B11B12	R2A	diffusion_test	NA
0.015554851270745863	0.25912584611174944	0.9999818612903069	H1977	anc	NA	a	double_broth	B11B12	R2A	diffusion_test	NA
0.08467533763278721	0.10861646848493689	0.9999311409826236	H1287	anc	NA	b	diffusion_test_M9_start	C01C02	M9	diffusion_test	NA
0.149843706343044	0.0015980572035906686	0.9965896366810578	NA	NA	NA	b	diffusion_test_M9_start	C01C02	R2A	diffusion_test	NA
0.10384945881959921	0.00979361174695739	0.9982990631658312	H1287	evo	NA	b	diffusion_test_M9_start	C03C04	M9	diffusion_test	NA
0.13773477940054077	0.001989555017665318	0.9452611515205215	NA	NA	NA	b	diffusion_test_M9_start	C03C04	R2A	diffusion_test	NA
0.1158673809623496	0.006699321759994008	0.9997324170152699	H1977	anc	NA	b	diffusion_test_M9_start	C05C06	M9	diffusion_test	NA
0.14865873850335262	5.037216812956086e-4	0.9971283494929709	NA	NA	NA	b	diffusion_test_M9_start	C05C06	R2A	diffusion_test	NA
0.0325610161962559	0.1358948256030065	0.999956170632064	H1977	evo	NA	b	diffusion_test_M9_start	C07C08	M9	diffusion_test	NA
0.14055237823019923	6.881909432241694e-4	0.9977314301143797	NA	NA	NA	b	diffusion_test_M9_start	C07C08	R2A	diffusion_test	NA
0.11060501378621042	0.0055812807369002735	0.9968717406046371	NA	NA	NA	b	double_broth	C09C10	R2A	diffusion_test	NA
0.04445791785754937	0.263838713484272	0.999766846669821	H1287	anc	NA	b	double_broth	C09C10	R2A	diffusion_test	NA
0.1305979518180281	0.0026678402816701667	0.9871645060164681	NA	NA	NA	b	double_broth	C11C12	R2A	diffusion_test	NA
0.01106120653962411	0.29667247679706443	0.9999264934361723	H1977	anc	NA	b	double_broth	C11C12	R2A	diffusion_test	NA
0.02251843316764471	0.08488833586840068	0.9999179740955914	H1287	anc	NA	c	diffusion_test_M9_start	D01D02	M9	diffusion_test	NA
0.13569219117308434	0.0012846621855649057	0.9910652827064926	NA	NA	NA	c	diffusion_test_M9_start	D01D02	R2A	diffusion_test	NA
0.1185396814419476	0.011730342980897559	0.9998612856156257	H1287	evo	NA	c	diffusion_test_M9_start	D03D04	M9	diffusion_test	NA
0.13484110151168507	9.958512525726263e-4	0.9896115956462018	NA	NA	NA	c	diffusion_test_M9_start	D03D04	R2A	diffusion_test	NA
0.03000976827020284	0.037560794779914405	0.9996419156881475	H1977	anc	NA	c	diffusion_test_M9_start	D05D06	M9	diffusion_test	NA
0.14300665762646156	1.2202398565177361e-4	0.9972464068989176	NA	NA	NA	c	diffusion_test_M9_start	D05D06	R2A	diffusion_test	NA
0.05331205538165666	0.08896202047375279	0.9999490032331538	H1977	evo	NA	c	diffusion_test_M9_start	D07D08	M9	diffusion_test	NA
0.13814761867990624	5.039627692108961e-4	0.9914776571319724	NA	NA	NA	c	diffusion_test_M9_start	D07D08	R2A	diffusion_test	NA
0.145407102038629	1.280546493640633e-4	0.9988187014035173	NA	NA	NA	c	double_broth	D09D10	R2A	diffusion_test	NA
0.046925701289111416	0.2784656111196853	0.999696649676991	H1287	anc	NA	c	double_broth	D09D10	R2A	diffusion_test	NA
0.13730991059035644	0.0016797154603803489	0.9910142284323943	NA	NA	NA	c	double_broth	D11D12	R2A	diffusion_test	NA
0.014642821057624425	0.26625111476754115	0.999975945011446	H1977	anc	NA	c	double_broth	D11D12	R2A	diffusion_test	NA
0.13034485903385426	0.0021658304903924685	0.9226185619454187	NA	NA	NA	a	diffusion_test_broth_start	E01E02	M9	diffusion_test	NA
0.04505946111235152	0.26354650794822926	0.9996839382389883	H1287	anc	NA	a	diffusion_test_broth_start	E01E02	R2A	diffusion_test	NA
0.13545886322837555	9.162813607871793e-4	0.9228393567150006	NA	NA	NA	a	diffusion_test_broth_start	E03E04	M9	diffusion_test	NA
0.030454100932344907	0.21531499715997848	0.9998777290523915	H1287	evo	NA	a	diffusion_test_broth_start	E03E04	R2A	diffusion_test	NA
0.13056266161579122	0.0017715260108241092	0.9635433472163556	NA	NA	NA	a	diffusion_test_broth_start	E05E06	M9	diffusion_test	NA
0.014784013145539676	0.2762360226057284	0.9999627520512325	H1977	anc	NA	a	diffusion_test_broth_start	E05E06	R2A	diffusion_test	NA
0.12698052167908655	0.001996624955428299	0.9887935247925997	NA	NA	NA	a	diffusion_test_broth_start	E07E08	M9	diffusion_test	NA
0.011137042370692775	0.285186818402935	0.9999243479521472	H1977	evo	NA	a	diffusion_test_broth_start	E07E08	R2A	diffusion_test	NA
0.1388623762171706	7.503714794198294e-4	0.9967190737720962	NA	NA	NA	a	double_broth	E09E10	R2A	diffusion_test	NA
0.02475644215849007	0.2534522463869079	0.999871182295763	H1287	evo	NA	a	double_broth	E09E10	R2A	diffusion_test	NA
0.13370663915909425	0.0021984165842098276	0.956669716820199	NA	NA	NA	a	double_broth	E11E12	R2A	diffusion_test	NA
0.017325151223058284	0.23063202426653578	0.9999521430966941	H1977	evo	NA	a	double_broth	E11E12	R2A	diffusion_test	NA
0.12195533835962663	0.002420958909837425	0.9707380073360724	NA	NA	NA	b	diffusion_test_broth_start	F01F02	M9	diffusion_test	NA
0.04410338050768316	0.27262150675230007	0.9995713933139432	H1287	anc	NA	b	diffusion_test_broth_start	F01F02	R2A	diffusion_test	NA
0.13972640497663877	0.0013557583134092257	0.9974539691965044	NA	NA	NA	b	diffusion_test_broth_start	F03F04	M9	diffusion_test	NA
0.032433531411261304	0.21665729069779593	0.9998301568540857	H1287	evo	NA	b	diffusion_test_broth_start	F03F04	R2A	diffusion_test	NA
0.1290275450467326	0.0027441215802313026	0.9937037207525917	NA	NA	NA	b	diffusion_test_broth_start	F05F06	M9	diffusion_test	NA
0.022849098014571273	0.23031085978768157	0.9999395812297467	H1977	anc	NA	b	diffusion_test_broth_start	F05F06	R2A	diffusion_test	NA
0.12782878915529525	0.002822970001811586	0.990240373989479	NA	NA	NA	b	diffusion_test_broth_start	F07F08	M9	diffusion_test	NA
0.01477427268400932	0.2671023485732302	0.9998922238437841	H1977	evo	NA	b	diffusion_test_broth_start	F07F08	R2A	diffusion_test	NA
0.0074485588998194205	0.06495403772013396	0.9960191452134457	NA	NA	NA	b	double_broth	F09F10	R2A	diffusion_test	NA
0.02920817813951461	0.22813282999643725	0.9998804231149708	H1287	evo	NA	b	double_broth	F09F10	R2A	diffusion_test	NA
0.14475969960949084	1.0709591984871607e-4	0.9967876430548613	NA	NA	NA	b	double_broth	F11F12	R2A	diffusion_test	NA
0.015544599560361456	0.240129665433584	0.9999427438063699	H1977	evo	NA	b	double_broth	F11F12	R2A	diffusion_test	NA
0.13500988953502494	0.0016560186018529336	0.97166213374749	NA	NA	NA	c	diffusion_test_broth_start	G01G02	M9	diffusion_test	NA
0.04564613284809203	0.2642277001270506	0.9995923842714729	H1287	anc	NA	c	diffusion_test_broth_start	G01G02	R2A	diffusion_test	NA
0.11577450762498397	0.0034864423278612054	0.9682394396326075	NA	NA	NA	c	diffusion_test_broth_start	G03G04	M9	diffusion_test	NA
0.03422539673689684	0.21502663563682284	0.9998060654953856	H1287	evo	NA	c	diffusion_test_broth_start	G03G04	R2A	diffusion_test	NA
0.14480280228957482	0.007150372738184364	0.9715593775788413	NA	NA	NA	c	diffusion_test_broth_start	G05G06	M9	diffusion_test	NA
0.018919345983383153	0.2519089949187725	0.999939532756826	H1977	anc	NA	c	diffusion_test_broth_start	G05G06	R2A	diffusion_test	NA
0.12919511254984303	0.0025597920936760773	0.9932028290520558	NA	NA	NA	c	diffusion_test_broth_start	G07G08	M9	diffusion_test	NA
0.01501674641696624	0.24978929465971642	0.9999386279762655	H1977	evo	NA	c	diffusion_test_broth_start	G07G08	R2A	diffusion_test	NA
0.14427987267896777	6.066399568487142e-4	0.9938136229321913	NA	NA	NA	c	double_broth	G09G10	R2A	diffusion_test	NA
0.029919637673435754	0.2348146664468167	0.9998482740022921	H1287	evo	NA	c	double_broth	G09G10	R2A	diffusion_test	NA
0.13573728201827384	0.002453185690999323	0.977834465487727	NA	NA	NA	c	double_broth	G11G12	R2A	diffusion_test	NA
0.011979308228280229	0.282484896532329	0.9999217756133578	H1977	evo	NA	c	double_broth	G11G12	R2A	diffusion_test	NA
0.046862368682782075	0.3127039358988242	0.9997704510064332	H1287	anc	A1287_E1287	a	coculture	B01B02	R2A	str_00	0
0.043954465479999795	0.19878214999016863	0.9998709224967016	H1287	evo	A1287_E1287	a	coculture	B01B02	R2A	str_00	0
0.04966505854510506	0.29993863859667175	0.9996840813998755	H1287	anc	A1287_A1977	a	coculture	B03B04	R2A	str_00	0
0.018807843656644424	0.2681150523874281	0.9999456322484582	H1977	anc	A1287_A1977	a	coculture	B03B04	R2A	str_00	0
0.06560705719514459	0.2668365821544482	0.9997356658713047	H1287	anc	A1287_E1977	a	coculture	B05B06	R2A	str_00	0
0.01321663496331256	0.23716275800041264	0.9999128213402805	H1977	evo	A1287_E1977	a	coculture	B05B06	R2A	str_00	0
0.02913027044602264	0.26111859053656356	0.9998054938370504	H1287	evo	E1287_A1977	a	coculture	B07B08	R2A	str_00	0
0.013434154222395191	0.30313491287015126	0.9999288290697873	H1977	anc	E1287_A1977	a	coculture	B07B08	R2A	str_00	0
0.028939996995161234	0.2629664841890523	0.9997528302815305	H1287	evo	E1287_E1977	a	coculture	B09B10	R2A	str_00	0
0.021405302808094783	0.19090630013058443	0.9999144688241002	H1977	evo	E1287_E1977	a	coculture	B09B10	R2A	str_00	0
0.0143957295491399	0.29547078625132145	0.9999448476450484	H1977	anc	A1977_E1977	a	coculture	B11B12	R2A	str_00	0
0.015153077650585822	0.21788085729600432	0.9999154315822139	H1977	evo	A1977_E1977	a	coculture	B11B12	R2A	str_00	0
0.04834760839238477	0.3068804660712943	0.9997974857734838	H1287	anc	A1287_E1287	b	coculture	C01C02	R2A	str_00	0
0.046124794227287026	0.19472093948209174	0.9998308159844693	H1287	evo	A1287_E1287	b	coculture	C01C02	R2A	str_00	0
0.05860965188300081	0.2788994514454132	0.9998729092454722	H1287	anc	A1287_A1977	b	coculture	C03C04	R2A	str_00	0
0.013122088589335133	0.30992956813903244	0.9998831933663646	H1977	anc	A1287_A1977	b	coculture	C03C04	R2A	str_00	0
0.047830479438157124	0.2780202585416503	0.9998590911170003	H1287	anc	A1287_E1977	b	coculture	C05C06	R2A	str_00	0
0.008751437904445637	0.2745984784448974	0.9999263793130553	H1977	evo	A1287_E1977	b	coculture	C05C06	R2A	str_00	0
0.032476845682210924	0.24720454428924374	0.9997667878442216	H1287	evo	E1287_A1977	b	coculture	C07C08	R2A	str_00	0
0.011685997159356292	0.32372119805546046	0.9998890657577012	H1977	anc	E1287_A1977	b	coculture	C07C08	R2A	str_00	0
0.030729727199271615	0.2519516660374854	0.9997803088906577	H1287	evo	E1287_E1977	b	coculture	C09C10	R2A	str_00	0
0.02039044004915435	0.19104897594080983	0.9999642929419018	H1977	evo	E1287_E1977	b	coculture	C09C10	R2A	str_00	0
0.01561674611340603	0.2962396380004573	0.9999394531279177	H1977	anc	A1977_E1977	b	coculture	C11C12	R2A	str_00	0
0.008089467481958561	0.2394457673762602	0.9998403840811654	H1977	evo	A1977_E1977	b	coculture	C11C12	R2A	str_00	0
0.04775086296500897	0.3073997213176743	0.999804594114447	H1287	anc	A1287_E1287	c	coculture	D01D02	R2A	str_00	0
0.04724229833359633	0.19215882828143072	0.999834793399418	H1287	evo	A1287_E1287	c	coculture	D01D02	R2A	str_00	0
0.04997645090601445	0.3037740574140018	0.99980832813907206	H1287	anc	A1287_A1977	c	coculture	D03D04	R2A	str_00	0
0.011319152768977048	0.3225085570532306	0.9998371439426029	H1977	anc	A1287_A1977	c	coculture	D03D04	R2A	str_00	0
0.050217073252450124	0.30817010208972073	0.9997972966282861	H1287	anc	A1287_E1977	c	coculture	D05D06	R2A	str_00	0
0.009247746757465198	0.26406259163270407	0.9999273790110078	H1977	evo	A1287_E1977	c	coculture	D05D06	R2A	str_00	0
0.03484900669330115	0.24195669147938031	0.9998055911323172	H1287	evo	E1287_A1977	c	coculture	D07D08	R2A	str_00	0
0.01726996705045898	0.2714594179754241	0.9999690711980315	H1977	anc	E1287_A1977	c	coculture	D07D08	R2A	str_00	0
0.03266704627214128	0.24693790781747862	0.9997847006738223	H1287	evo	E1287_E1977	c	coculture	D09D10	R2A	str_00	0
0.019062607111269888	0.19670604022563748	0.9999750955283754	H1977	evo	E1287_E1977	c	coculture	D09D10	R2A	str_00	0
0.02043152718188688	0.26408302347178736	0.9999582670887048	H1977	anc	A1977_E1977	c	coculture	D11D12	R2A	str_00	0
0.008834933638151465	0.234116302047153	0.9999049431336152	H1977	evo	A1977_E1977	c	coculture	D11D12	R2A	str_00	0
0.047859295011567285	0.304065799064442	0.9998204384051889	H1287	anc	A1287_E1287	d	coculture	E01E02	R2A	str_00	0
0.046991070233961596	0.19688677779041525	0.9997849303195169	H1287	evo	A1287_E1287	d	coculture	E01E02	R2A	str_00	0
0.05182620046385888	0.2865141521420752	0.9998416996149625	H1287	anc	A1287_A1977	d	coculture	E03E04	R2A	str_00	0
0.014252049391422845	0.3033499221119058	0.9999226749797561	H1977	anc	A1287_A1977	d	coculture	E03E04	R2A	str_00	0
0.048594631003262355	0.3011358199402692	0.9998575030762213	H1287	anc	A1287_E1977	d	coculture	E05E06	R2A	str_00	0
0.012405715262509885	0.2399036052626046	0.9999445287891672	H1977	evo	A1287_E1977	d	coculture	E05E06	R2A	str_00	0
0.03070852429670556	0.2554399872138806	0.9997701452053028	H1287	evo	E1287_A1977	d	coculture	E07E08	R2A	str_00	0
0.015742365106143453	0.2890260138698782	0.999946362376904	H1977	anc	E1287_A1977	d	coculture	E07E08	R2A	str_00	0
0.032403535060283144	0.24545725253839826	0.9998536926601816	H1287	evo	E1287_E1977	d	coculture	E09E10	R2A	str_00	0
0.0058971013613651115	0.2931328785537679	0.9999088516897543	H1977	evo	E1287_E1977	d	coculture	E09E10	R2A	str_00	0
0.014872436017819107	0.30149358742521953	0.9999024918625901	H1977	anc	A1977_E1977	d	coculture	E11E12	R2A	str_00	0
0.01778582675185597	0.20779822396263306	0.9999481967385737	H1977	evo	A1977_E1977	d	coculture	E11E12	R2A	str_00	0
0.04851804903595551	0.3062770097963928	0.9997870372442502	H1287	anc	A1287_E1287	e	coculture	F01F02	R2A	str_00	0
0.05241244294660263	0.19264062271893032	0.9997571667205137	H1287	evo	A1287_E1287	e	coculture	F01F02	R2A	str_00	0
0.05195850818977385	0.29102489558563266	0.9998081838700406	H1287	anc	A1287_A1977	e	coculture	F03F04	R2A	str_00	0
0.013529184938232007	0.2965247540795615	0.9998870520237827	H1977	anc	A1287_A1977	e	coculture	F03F04	R2A	str_00	0
0.051095820323431906	0.28435079829804866	0.9998780624039141	H1287	anc	A1287_E1977	e	coculture	F05F06	R2A	str_00	0
0.012793743974078106	0.23619923661889114	0.9999482471357967	H1977	evo	A1287_E1977	e	coculture	F05F06	R2A	str_00	0
0.03268556380859252	0.24723357053013506	0.9997924518264721	H1287	evo	E1287_A1977	e	coculture	F07F08	R2A	str_00	0
0.014808325478441839	0.2975080548177452	0.9998846896718199	H1977	anc	E1287_A1977	e	coculture	F07F08	R2A	str_00	0
0.030273423719196335	0.25122764039887535	0.9998288680697857	H1287	evo	E1287_E1977	e	coculture	F09F10	R2A	str_00	0
0.00951299455159616	0.2589199084168368	0.9999352542762315	H1977	evo	E1287_E1977	e	coculture	F09F10	R2A	str_00	0
0.017355265199108825	0.28126332677487464	0.9999591046964481	H1977	anc	A1977_E1977	e	coculture	F11F12	R2A	str_00	0
0.01968418164901909	0.1998666568528404	0.999890828462554	H1977	evo	A1977_E1977	e	coculture	F11F12	R2A	str_00	0
0.0493112561734264	0.30630061229372674	0.9997815153549261	H1287	anc	A1287_E1287	f	coculture	G01G02	R2A	str_00	0
0.04783624608612083	0.19333711374675674	0.9998122947068167	H1287	evo	A1287_E1287	f	coculture	G01G02	R2A	str_00	0
0.05423651952626516	0.28616813777809286	0.9996886020092545	H1287	anc	A1287_A1977	f	coculture	G03G04	R2A	str_00	0
0.022917298303020427	0.256123116068862	0.9998785053576782	H1977	anc	A1287_A1977	f	coculture	G03G04	R2A	str_00	0
0.05474276074476348	0.2869663689915919	0.999719570915804	H1287	anc	A1287_E1977	f	coculture	G05G06	R2A	str_00	0
0.022822205843000737	0.18881824564246436	0.9999025756942189	H1977	evo	A1287_E1977	f	coculture	G05G06	R2A	str_00	0
0.030544840552187022	0.25852763075604285	0.999709005466015	H1287	evo	E1287_A1977	f	coculture	G07G08	R2A	str_00	0
0.012868029107146751	0.3176105715943232	0.9999301172438202	H1977	anc	E1287_A1977	f	coculture	G07G08	R2A	str_00	0
0.03066939249954849	0.24887780425168546	0.9998076267133054	H1287	evo	E1287_E1977	f	coculture	G09G10	R2A	str_00	0
0.009075989744115321	0.2645050854999373	0.9999155103140475	H1977	evo	E1287_E1977	f	coculture	G09G10	R2A	str_00	0
0.01607321238492368	0.29530956524977436	0.9999146780091162	H1977	anc	A1977_E1977	f	coculture	G11G12	R2A	str_00	0
0.015710652511796267	0.22067160455763718	0.9999048072683046	H1977	evo	A1977_E1977	f	coculture	G11G12	R2A	str_00	0
0.044796763537492346	0.318644578515306	0.9997952355448481	H1287	anc	A1287_E1287	a	coculture	B01B02	R2A	str_04	4
0.04498988711809362	0.19963291215394946	0.9998539269001672	H1287	evo	A1287_E1287	a	coculture	B01B02	R2A	str_04	4
0.049984722594246994	0.2959272998721197	0.9996329830849285	H1287	anc	A1287_A1977	a	coculture	B03B04	R2A	str_04	4
0.019878384118350596	0.2597803097740347	0.9999494983477114	H1977	anc	A1287_A1977	a	coculture	B03B04	R2A	str_04	4
0.05247858196213328	0.2922320185814585	0.9996849276875538	H1287	anc	A1287_E1977	a	coculture	B05B06	R2A	str_04	4
0.014541459643336998	0.22586106790631236	0.9999468830385989	H1977	evo	A1287_E1977	a	coculture	B05B06	R2A	str_04	4
0.031506192541873	0.2517254640787772	0.9997522277817313	H1287	evo	E1287_A1977	a	coculture	B07B08	R2A	str_04	4
0.026922899539655216	0.22863808768020097	0.9999556426916568	H1977	anc	E1287_A1977	a	coculture	B07B08	R2A	str_04	4
0.030053348625547822	0.2639078306696984	0.9998194631724874	H1287	evo	E1287_E1977	a	coculture	B09B10	R2A	str_04	4
0.010308534058074132	0.25712658613728573	0.9997797467424028	H1977	evo	E1287_E1977	a	coculture	B09B10	R2A	str_04	4
0.012326569894392757	0.3119070518479653	0.9998967981361657	H1977	anc	A1977_E1977	a	coculture	B11B12	R2A	str_04	4
0.020313973950212654	0.19483867603769103	0.99987630714083	H1977	evo	A1977_E1977	a	coculture	B11B12	R2A	str_04	4
0.04270319674388644	0.3209771923647772	0.9998207879524763	H1287	anc	A1287_E1287	b	coculture	C01C02	R2A	str_04	4
0.04627588084122074	0.18980697124314522	0.9998799542559842	H1287	evo	A1287_E1287	b	coculture	C01C02	R2A	str_04	4
0.047550340334683285	0.31184117900262964	0.999743525650199	H1287	anc	A1287_A1977	b	coculture	C03C04	R2A	str_04	4
0.01355973952535147	0.3011592493226159	0.9997007365872322	H1977	anc	A1287_A1977	b	coculture	C03C04	R2A	str_04	4
0.05069471312595748	0.29956196170364224	0.9997456248776632	H1287	anc	A1287_E1977	b	coculture	C05C06	R2A	str_04	4
0.008192685465595635	0.2684432486588393	0.9999134055817163	H1977	evo	A1287_E1977	b	coculture	C05C06	R2A	str_04	4
0.032082236225536846	0.2487349283381592	0.9997766883329855	H1287	evo	E1287_A1977	b	coculture	C07C08	R2A	str_04	4
0.016898270994819484	0.27719267695227257	0.9999465132398969	H1977	anc	E1287_A1977	b	coculture	C07C08	R2A	str_04	4
0.02730172535456125	0.2756481089695012	0.9997716517628102	H1287	evo	E1287_E1977	b	coculture	C09C10	R2A	str_04	4
0.009275393558686828	0.2610458073803483	0.9999296832393266	H1977	evo	E1287_E1977	b	coculture	C09C10	R2A	str_04	4
0.013467512004152108	0.30562129180286146	0.9999028889601158	H1977	anc	A1977_E1977	b	coculture	C11C12	R2A	str_04	4
0.014621517436458242	0.22240824117188412	0.999852331158588	H1977	evo	A1977_E1977	b	coculture	C11C12	R2A	str_04	4
0.0472772541104719	0.31405619791477757	0.9998475206523116	H1287	anc	A1287_E1287	c	coculture	D01D02	R2A	str_04	4
0.0442575425065729	0.20184451715700877	0.9997995741013356	H1287	evo	A1287_E1287	c	coculture	D01D02	R2A	str_04	4
0.046807306813696624	0.3148767565837487	0.9997941759544685	H1287	anc	A1287_A1977	c	coculture	D03D04	R2A	str_04	4
0.015861251030632902	0.26814835445248886	0.9999468336312746	H1977	anc	A1287_A1977	c	coculture	D03D04	R2A	str_04	4
0.04809608418408271	0.3044279487753991	0.9998138232366862	H1287	anc	A1287_E1977	c	coculture	D05D06	R2A	str_04	4
0.006599331281361552	0.2827459521565242	0.9998420939459851	H1977	evo	A1287_E1977	c	coculture	D05D06	R2A	str_04	4
0.03083159945470285	0.25319978594201553	0.9998105757338226	H1287	evo	E1287_A1977	c	coculture	D07D08	R2A	str_04	4
0.02049615244686083	0.25772982035093994	0.9999787390574951	H1977	anc	E1287_A1977	c	coculture	D07D08	R2A	str_04	4
0.030296365635235727	0.2704685753460206	0.9998079139788768	H1287	evo	E1287_E1977	c	coculture	D09D10	R2A	str_04	4
0.017102604821673285	0.21120353855233498	0.9998718992404262	H1977	evo	E1287_E1977	c	coculture	D09D10	R2A	str_04	4
0.015504760750960836	0.2882734808552911	0.9999585187421325	H1977	anc	A1977_E1977	c	coculture	D11D12	R2A	str_04	4
0.01762202378617466	0.1981310376011957	0.9998236081294227	H1977	evo	A1977_E1977	c	coculture	D11D12	R2A	str_04	4
0.05187464300248987	0.2990804569653475	0.9998267085497194	H1287	anc	A1287_E1287	d	coculture	E01E02	R2A	str_04	4
0.045466808789803595	0.19770803921479557	0.9997998302963181	H1287	evo	A1287_E1287	d	coculture	E01E02	R2A	str_04	4
0.04873445221183741	0.3035803232044194	0.9998361851738118	H1287	anc	A1287_A1977	d	coculture	E03E04	R2A	str_04	4
0.016144220382747734	0.2768984115775855	0.9999303240084366	H1977	anc	A1287_A1977	d	coculture	E03E04	R2A	str_04	4
0.048063831254364274	0.30892552241209326	0.9997813114675209	H1287	anc	A1287_E1977	d	coculture	E05E06	R2A	str_04	4
0.009570323751930085	0.25950387769081723	0.9999171648095145	H1977	evo	A1287_E1977	d	coculture	E05E06	R2A	str_04	4
0.02936259914807322	0.25959072718866216	0.9997923237346413	H1287	evo	E1287_A1977	d	coculture	E07E08	R2A	str_04	4
0.01910362035367053	0.26317577044831725	0.9999762341506836	H1977	anc	E1287_A1977	d	coculture	E07E08	R2A	str_04	4
0.03042473596680459	0.26257619509070446	0.9998254182450789	H1287	evo	E1287_E1977	d	coculture	E09E10	R2A	str_04	4
0.009832815332745243	0.2544065939968311	0.9999516949738964	H1977	evo	E1287_E1977	d	coculture	E09E10	R2A	str_04	4
0.020683037556945918	0.2487616262553474	0.9999793359468407	H1977	anc	A1977_E1977	d	coculture	E11E12	R2A	str_04	4
0.012143099440587057	0.2378372896840821	0.9998990874598229	H1977	evo	A1977_E1977	d	coculture	E11E12	R2A	str_04	4
0.050871907219798125	0.29903618534938164	0.9998086395912075	H1287	anc	A1287_E1287	e	coculture	F01F02	R2A	str_04	4
0.0449651893643342	0.20024345417961945	0.9997663666793419	H1287	evo	A1287_E1287	e	coculture	F01F02	R2A	str_04	4
0.05125882109174883	0.29660058987406157	0.9998324569206242	H1287	anc	A1287_A1977	e	coculture	F03F04	R2A	str_04	4
0.013011506294595432	0.2999673903747512	0.9999081116424546	H1977	anc	A1287_A1977	e	coculture	F03F04	R2A	str_04	4
0.051322490668416876	0.2999087064371583	0.9998012287411939	H1287	anc	A1287_E1977	e	coculture	F05F06	R2A	str_04	4
0.015150013937611267	0.21421700937961158	0.9999141839968179	H1977	evo	A1287_E1977	e	coculture	F05F06	R2A	str_04	4
0.028905438268636115	0.263095365313248	0.9997828463849107	H1287	evo	E1287_A1977	e	coculture	F07F08	R2A	str_04	4
0.020602437445936463	0.25149651011765	0.9999837725379426	H1977	anc	E1287_A1977	e	coculture	F07F08	R2A	str_04	4
0.027128252331007123	0.2770355294782984	0.9997685175470795	H1287	evo	E1287_E1977	e	coculture	F09F10	R2A	str_04	4
0.021064755222047073	0.1998376290777245	0.99991441415956	H1977	evo	E1287_E1977	e	coculture	F09F10	R2A	str_04	4
0.021466013644848143	0.2456434918294926	0.9999733034860493	H1977	anc	A1977_E1977	e	coculture	F11F12	R2A	str_04	4
0.017105340933541754	0.20518802814352538	0.9998616371392539	H1977	evo	A1977_E1977	e	coculture	F11F12	R2A	str_04	4
0.045919338691972865	0.3149589802160596	0.999771684483392	H1287	anc	A1287_E1287	f	coculture	G01G02	R2A	str_04	4
0.04433388201971653	0.19895481252885377	0.9997341145029772	H1287	evo	A1287_E1287	f	coculture	G01G02	R2A	str_04	4
0.051807595432463396	0.30043527223057315	0.9997365485966273	H1287	anc	A1287_A1977	f	coculture	G03G04	R2A	str_04	4
0.020262510041839626	0.25762135996544033	0.9999517723807718	H1977	anc	A1287_A1977	f	coculture	G03G04	R2A	str_04	4
0.05715362849222283	0.28071968317549373	0.9997668166497313	H1287	anc	A1287_E1977	f	coculture	G05G06	R2A	str_04	4
0.01945648080567775	0.19853741709354739	0.9999135970806263	H1977	evo	A1287_E1977	f	coculture	G05G06	R2A	str_04	4
0.02909649216297772	0.260155905779715	0.999769570885516	H1287	evo	E1287_A1977	f	coculture	G07G08	R2A	str_04	4
0.0175932124686498	0.2757380794392771	0.9999567199213987	H1977	anc	E1287_A1977	f	coculture	G07G08	R2A	str_04	4
0.026703325780824086	0.27920745392168345	0.9995216838893406	H1287	evo	E1287_E1977	f	coculture	G09G10	R2A	str_04	4
0.016306777499135016	0.24342254454604875	0.9999620154378981	H1977	evo	E1287_E1977	f	coculture	G09G10	R2A	str_04	4
0.01935199697604206	0.2590242493253857	0.9999580832533019	H1977	anc	A1977_E1977	f	coculture	G11G12	R2A	str_04	4
0.017935231596804983	0.20091487100598493	0.9999018146219348	H1977	evo	A1977_E1977	f	coculture	G11G12	R2A	str_04	4
0.056676756753064994	0.26919676827428707	0.9994749395340764	H1287	anc	A1287_E1287	a	coculture	B01B02	R2A	str_08	8
0.03513691395841248	0.23887879117646477	0.9994960076058856	H1287	evo	A1287_E1287	a	coculture	B01B02	R2A	str_08	8
0.06640342220806447	0.2750771219906519	0.9993396336627743	H1287	anc	A1287_A1977	a	coculture	B03B04	R2A	str_08	8
0.015546077245369804	0.27392351703764845	0.9999372708256523	H1977	anc	A1287_A1977	a	coculture	B03B04	R2A	str_08	8
0.06594060137407196	0.24466639454729328	0.9993122932627375	H1287	anc	A1287_E1977	a	coculture	B05B06	R2A	str_08	8
0.017296226639209367	0.21490313151322646	0.9998994062529212	H1977	evo	A1287_E1977	a	coculture	B05B06	R2A	str_08	8
0.034835260126538925	0.23685391162985509	0.999798849165366	H1287	evo	E1287_A1977	a	coculture	B07B08	R2A	str_08	8
0.015215831012393795	0.27327553130052035	0.9999256478760753	H1977	anc	E1287_A1977	a	coculture	B07B08	R2A	str_08	8
0.036769581123647005	0.23083168762964884	0.999776423417092	H1287	evo	E1287_E1977	a	coculture	B09B10	R2A	str_08	8
0.00868270660759381	0.2625515390780457	0.9998319662045503	H1977	evo	E1287_E1977	a	coculture	B09B10	R2A	str_08	8
0.010003028560299223	0.31408788419936146	0.9998988566994573	H1977	anc	A1977_E1977	a	coculture	B11B12	R2A	str_08	8
0.010249072185995928	0.24497463943634556	0.9999408989710452	H1977	evo	A1977_E1977	a	coculture	B11B12	R2A	str_08	8
0.057400072057523246	0.26867251339679	0.9996350613284956	H1287	anc	A1287_E1287	b	coculture	C01C02	R2A	str_08	8
0.03495922396517527	0.23784632516290166	0.9996121189411723	H1287	evo	A1287_E1287	b	coculture	C01C02	R2A	str_08	8
0.06977063564936237	0.2698614811054016	0.9994432386441785	H1287	anc	A1287_A1977	b	coculture	C03C04	R2A	str_08	8
0.018190380339190966	0.2532619551682488	0.9999264304765999	H1977	anc	A1287_A1977	b	coculture	C03C04	R2A	str_08	8
0.06186457456992126	0.2599468101671022	0.999700483261442	H1287	anc	A1287_E1977	b	coculture	C05C06	R2A	str_08	8
0.01258675648623928	0.23756987222244333	0.9999143256897111	H1977	evo	A1287_E1977	b	coculture	C05C06	R2A	str_08	8
0.03973453595285673	0.21670118547246126	0.9997774325455139	H1287	evo	E1287_A1977	b	coculture	C07C08	R2A	str_08	8
0.020005926115513568	0.2356823415936795	0.999928613147819	H1977	anc	E1287_A1977	b	coculture	C07C08	R2A	str_08	8
0.036694907572997384	0.23179749638334898	0.999807768433921	H1287	evo	E1287_E1977	b	coculture	C09C10	R2A	str_08	8
0.009784517377884687	0.25183720195922377	0.9999393460177487	H1977	evo	E1287_E1977	b	coculture	C09C10	R2A	str_08	8
0.013281477057148747	0.2889613450003815	0.9999369735425622	H1977	anc	A1977_E1977	b	coculture	C11C12	R2A	str_08	8
0.017455306976647694	0.21445304295053064	0.9999272059487153	H1977	evo	A1977_E1977	b	coculture	C11C12	R2A	str_08	8
0.0617694277508099	0.24813433748045	0.9996159371773609	H1287	anc	A1287_E1287	c	coculture	D01D02	R2A	str_08	8
0.035628823600466764	0.23401333891273318	0.9996739273085509	H1287	evo	A1287_E1287	c	coculture	D01D02	R2A	str_08	8
0.06511931588577904	0.27622023396366	0.9995800560936611	H1287	anc	A1287_A1977	c	coculture	D03D04	R2A	str_08	8
0.018754429178965526	0.2472432068033835	0.9999317550692357	H1977	anc	A1287_A1977	c	coculture	D03D04	R2A	str_08	8
0.056362239329518025	0.2761270129698369	0.9996655417948395	H1287	anc	A1287_E1977	c	coculture	D05D06	R2A	str_08	8
0.011378551189129468	0.23797002116403215	0.9999274908297208	H1977	evo	A1287_E1977	c	coculture	D05D06	R2A	str_08	8
0.038805408990311624	0.2197583090280216	0.9998101569666608	H1287	evo	E1287_A1977	c	coculture	D07D08	R2A	str_08	8
0.016964170089635945	0.2589557683832126	0.9999677586301902	H1977	anc	E1287_A1977	c	coculture	D07D08	R2A	str_08	8
0.037489054707492114	0.22750717950061125	0.9998160420551973	H1287	evo	E1287_E1977	c	coculture	D09D10	R2A	str_08	8
0.010140355418913055	0.2496082932830884	0.9998917216546738	H1977	evo	E1287_E1977	c	coculture	D09D10	R2A	str_08	8
0.016685067335733175	0.2622185807494178	0.9999549161685841	H1977	anc	A1977_E1977	c	coculture	D11D12	R2A	str_08	8
0.021145956018606627	0.1941438772455328	0.9999385886387958	H1977	evo	A1977_E1977	c	coculture	D11D12	R2A	str_08	8
0.0627907805494956	0.24557016404085505	0.9996475073177437	H1287	anc	A1287_E1287	d	coculture	E01E02	R2A	str_08	8
0.03782173595579177	0.22854710459745944	0.9996458034183906	H1287	evo	A1287_E1287	d	coculture	E01E02	R2A	str_08	8
0.06372699817628674	0.2755836629483833	0.9995092622258767	H1287	anc	A1287_A1977	d	coculture	E03E04	R2A	str_08	8
0.014714261360190122	0.26650739363766845	0.9999194113978982	H1977	anc	A1287_A1977	d	coculture	E03E04	R2A	str_08	8
0.05406660742591355	0.2758768613118646	0.9998123352136664	H1287	anc	A1287_E1977	d	coculture	E05E06	R2A	str_08	8
0.025793463519220322	0.17104408311305708	0.9999655657533989	H1977	evo	A1287_E1977	d	coculture	E05E06	R2A	str_08	8
0.038620587351695254	0.22271295162515303	0.9997536728081573	H1287	evo	E1287_A1977	d	coculture	E07E08	R2A	str_08	8
0.013760283355194403	0.2798947538008103	0.9999337581876859	H1977	anc	E1287_A1977	d	coculture	E07E08	R2A	str_08	8
0.034846778651788105	0.23766013859923724	0.9997627958912854	H1287	evo	E1287_E1977	d	coculture	E09E10	R2A	str_08	8
0.010659248846596648	0.24907252716631614	0.999940100595031	H1977	evo	E1287_E1977	d	coculture	E09E10	R2A	str_08	8
0.01438526325785738	0.2792974292143924	0.9999393539162144	H1977	anc	A1977_E1977	d	coculture	E11E12	R2A	str_08	8
0.009110681356252863	0.2405184450619031	0.9998709128612044	H1977	evo	A1977_E1977	d	coculture	E11E12	R2A	str_08	8
0.05783754930377627	0.26625973061524866	0.9994504806525096	H1287	anc	A1287_E1287	e	coculture	F01F02	R2A	str_08	8
0.03669189265253877	0.2330117962168277	0.9997698474099586	H1287	evo	A1287_E1287	e	coculture	F01F02	R2A	str_08	8
0.06741659818369572	0.2705624571240022	0.9994850509333925	H1287	anc	A1287_A1977	e	coculture	F03F04	R2A	str_08	8
0.013320922371501459	0.25308636714616317	0.9998990987135036	H1977	anc	A1287_A1977	e	coculture	F03F04	R2A	str_08	8
0.05889384114991895	0.2606699156136573	0.9997277309708614	H1287	anc	A1287_E1977	e	coculture	F05F06	R2A	str_08	8
0.010121633569857335	0.2511675076463266	0.9998822085455954	H1977	evo	A1287_E1977	e	coculture	F05F06	R2A	str_08	8
0.039421110944747026	0.22017869060971368	0.9997558047903916	H1287	evo	E1287_A1977	e	coculture	F07F08	R2A	str_08	8
0.017241638862052457	0.25709426709452027	0.9999101035344017	H1977	anc	E1287_A1977	e	coculture	F07F08	R2A	str_08	8
0.034895101149592087	0.23790624078310807	0.9997823355221735	H1287	evo	E1287_E1977	e	coculture	F09F10	R2A	str_08	8
0.009263566225807127	0.26093551609196414	0.9999190131956409	H1977	evo	E1287_E1977	e	coculture	F09F10	R2A	str_08	8
0.023481292923154495	0.22370479877256005	0.9999474068686487	H1977	anc	A1977_E1977	e	coculture	F11F12	R2A	str_08	8
0.014551903113015918	0.21916283113795132	0.9999503461818817	H1977	evo	A1977_E1977	e	coculture	F11F12	R2A	str_08	8
0.05797667022357416	0.26689023428967756	0.9995271270453496	H1287	anc	A1287_E1287	f	coculture	G01G02	R2A	str_08	8
0.03744670946201213	0.23222890244434435	0.9995200708362805	H1287	evo	A1287_E1287	f	coculture	G01G02	R2A	str_08	8
0.062223076473243905	0.2788261956622316	0.9994405422230745	H1287	anc	A1287_A1977	f	coculture	G03G04	R2A	str_08	8
0.013307940929370899	0.28125271692368653	0.9998592761935354	H1977	anc	A1287_A1977	f	coculture	G03G04	R2A	str_08	8
0.05357540140905815	0.2594143712162178	0.999678815640651	H1287	anc	A1287_E1977	f	coculture	G05G06	R2A	str_08	8
0.01619114589311637	0.21574603079624113	0.9998243884677174	H1977	evo	A1287_E1977	f	coculture	G05G06	R2A	str_08	8
0.0366636142646211	0.23928869150021936	0.9997402978555746	H1287	evo	E1287_A1977	f	coculture	G07G08	R2A	str_08	8
0.013384202977827312	0.2789813828202421	0.9999071110809697	H1977	anc	E1287_A1977	f	coculture	G07G08	R2A	str_08	8
0.0357930920451715	0.229097200487355	0.9997908779607857	H1287	evo	E1287_E1977	f	coculture	G09G10	R2A	str_08	8
0.01574845547809103	0.21136118252444347	0.9999166056181443	H1977	evo	E1287_E1977	f	coculture	G09G10	R2A	str_08	8
0.012162682874281985	0.2872710000883594	0.9998964307567602	H1977	anc	A1977_E1977	f	coculture	G11G12	R2A	str_08	8
0.010421175997213589	0.2445146536609836	0.9999129389865006	H1977	evo	A1977_E1977	f	coculture	G11G12	R2A	str_08	8
