auc	max_od	min_od	strain	evolution	competition_pair	replicate	culture_type	joined_well_pair	media	plate_name	streptomycin
7.483441222222222	0.198	0.1376666666666667	H1287	anc	NA	a	diffusion_test_M9_start	B01B02	M9	plate01	NA
6.942992777777777	0.14633333333333332	0.144	NA	NA	NA	a	diffusion_test_M9_start	B01B02	R2A	plate01	NA
9.48562975	0.29666666666666663	0.1388	H1287	evo	NA	a	diffusion_test_M9_start	B03B04	M9	plate01	NA
6.964993166666666	0.15033333333333332	0.14379999999999998	NA	NA	NA	a	diffusion_test_M9_start	B03B04	R2A	plate01	NA
19.301493277777777	0.798	0.1378	H1977	anc	NA	a	diffusion_test_M9_start	B05B06	M9	plate01	NA
6.965270833333332	0.147	0.144	NA	NA	NA	a	diffusion_test_M9_start	B05B06	R2A	plate01	NA
7.810619833333333	0.25466666666666665	0.1332	H1977	evo	NA	a	diffusion_test_M9_start	B07B08	M9	plate01	NA
6.721277777777778	0.141	0.1396	NA	NA	NA	a	diffusion_test_M9_start	B07B08	R2A	plate01	NA
7.011493944444444	0.14833333333333332	0.145	NA	NA	NA	a	monoculture	B09B10	R2A	plate01	NA
32.8335375	1.0103333333333333	0.147	H1287	anc	NA	a	monoculture	B09B10	R2A	plate01	NA
7.143290555555555	0.15	0.148	NA	NA	NA	a	monoculture	B11B12	R2A	plate01	NA
42.64545347222222	1.4353333333333333	0.147	H1977	anc	NA	a	monoculture	B11B12	R2A	plate01	NA
20.503166333333333	0.653	0.142	H1287	anc	NA	b	diffusion_test_M9_start	C01C02	M9	plate01	NA
7.152640833333333	0.15133333333333332	0.1462	NA	NA	NA	b	diffusion_test_M9_start	C01C02	R2A	plate01	NA
7.234570055555555	0.16666666666666669	0.139	H1287	evo	NA	b	diffusion_test_M9_start	C03C04	M9	plate01	NA
6.8052459166666655	0.14266666666666666	0.141	NA	NA	NA	b	diffusion_test_M9_start	C03C04	R2A	plate01	NA
7.020266749999999	0.15966666666666668	0.14079999999999998	H1977	anc	NA	b	diffusion_test_M9_start	C05C06	M9	plate01	NA
7.191330361111111	0.15333333333333332	0.149	NA	NA	NA	b	diffusion_test_M9_start	C05C06	R2A	plate01	NA
26.430918277777778	1.084	0.134	H1977	evo	NA	b	diffusion_test_M9_start	C07C08	M9	plate01	NA
6.772450888888889	0.144	0.14	NA	NA	NA	b	diffusion_test_M9_start	C07C08	R2A	plate01	NA
6.947431749999999	0.147	0.143	NA	NA	NA	b	monoculture	C09C10	R2A	plate01	NA
30.5942305	0.9066666666666667	0.146	H1287	anc	NA	b	monoculture	C09C10	R2A	plate01	NA
6.969121111111111	0.146	0.14479999999999998	NA	NA	NA	b	monoculture	C11C12	R2A	plate01	NA
43.15777188888889	1.4342	0.14659999999999998	H1977	anc	NA	b	monoculture	C11C12	R2A	plate01	NA
10.301421194444444	0.38033333333333336	0.137	H1287	anc	NA	c	diffusion_test_M9_start	D01D02	M9	plate01	NA
6.886258388888888	0.14566666666666667	0.1424	NA	NA	NA	c	diffusion_test_M9_start	D01D02	R2A	plate01	NA
7.5872265	0.18433333333333332	0.137	H1287	evo	NA	c	diffusion_test_M9_start	D03D04	M9	plate01	NA
6.83649636111111	0.1443333333333333	0.141	NA	NA	NA	c	diffusion_test_M9_start	D03D04	R2A	plate01	NA
6.813908555555556	0.18133333333333332	0.1348	H1977	anc	NA	c	diffusion_test_M9_start	D05D06	M9	plate01	NA
6.781284194444444	0.143	0.14	NA	NA	NA	c	diffusion_test_M9_start	D05D06	R2A	plate01	NA
22.423605416666668	0.983	0.137	H1977	evo	NA	c	diffusion_test_M9_start	D07D08	M9	plate01	NA
6.784156666666666	0.1443333333333333	0.14079999999999998	NA	NA	NA	c	diffusion_test_M9_start	D07D08	R2A	plate01	NA
7.064272888888889	0.15266666666666667	0.1442	NA	NA	NA	c	monoculture	D09D10	R2A	plate01	NA
32.88026113888889	1.0206666666666666	0.14733333333333332	H1287	anc	NA	c	monoculture	D09D10	R2A	plate01	NA
7.072600749999999	0.15033333333333332	0.1462	NA	NA	NA	c	monoculture	D11D12	R2A	plate01	NA
43.318943222222224	1.448	0.148	H1977	anc	NA	c	monoculture	D11D12	R2A	plate01	NA
6.709116444444445	0.14	0.139	NA	NA	NA	a	diffusion_test_broth_start	E01E02	M9	plate01	NA
27.11843725	0.7206	0.143	H1287	anc	NA	a	diffusion_test_broth_start	E01E02	R2A	plate01	NA
6.578280833333333	0.138	0.137	NA	NA	NA	a	diffusion_test_broth_start	E03E04	M9	plate01	NA
22.46289361111111	0.6686000000000001	0.143	H1287	evo	NA	a	diffusion_test_broth_start	E03E04	R2A	plate01	NA
6.601592388888889	0.1386666666666667	0.1368	NA	NA	NA	a	diffusion_test_broth_start	E05E06	M9	plate01	NA
38.223863305555554	1.0998000000000001	0.142	H1977	anc	NA	a	diffusion_test_broth_start	E05E06	R2A	plate01	NA
6.509485305555556	0.13733333333333334	0.135	NA	NA	NA	a	diffusion_test_broth_start	E07E08	M9	plate01	NA
36.66959497222222	1.0922	0.145	H1977	evo	NA	a	diffusion_test_broth_start	E07E08	R2A	plate01	NA
6.858618972222222	0.145	0.142	NA	NA	NA	a	monoculture	E09E10	R2A	plate01	NA
32.92837113888889	1.0783333333333334	0.14766666666666667	H1287	evo	NA	a	monoculture	E09E10	R2A	plate01	NA
6.910158888888888	0.14533333333333331	0.143	NA	NA	NA	a	monoculture	E11E12	R2A	plate01	NA
43.273009277777774	1.464	0.14859999999999998	H1977	evo	NA	a	monoculture	E11E12	R2A	plate01	NA
6.5548026111111115	0.13833333333333334	0.136	NA	NA	NA	b	diffusion_test_broth_start	F01F02	M9	plate01	NA
25.760770194444444	0.6888	0.144	H1287	anc	NA	b	diffusion_test_broth_start	F01F02	R2A	plate01	NA
6.625742861111112	0.14	0.137	NA	NA	NA	b	diffusion_test_broth_start	F03F04	M9	plate01	NA
21.07446975	0.6068	0.145	H1287	evo	NA	b	diffusion_test_broth_start	F03F04	R2A	plate01	NA
6.64594325	0.14	0.137	NA	NA	NA	b	diffusion_test_broth_start	F05F06	M9	plate01	NA
37.57150022222222	1.1086	0.145	H1977	anc	NA	b	diffusion_test_broth_start	F05F06	R2A	plate01	NA
6.605614527777778	0.139	0.137	NA	NA	NA	b	diffusion_test_broth_start	F07F08	M9	plate01	NA
36.942675	1.087	0.146	H1977	evo	NA	b	diffusion_test_broth_start	F07F08	R2A	plate01	NA
6.822417722222221	0.16866666666666666	0.141	NA	NA	NA	b	monoculture	F09F10	R2A	plate01	NA
26.185782805555554	0.8833333333333333	0.144	H1287	evo	NA	b	monoculture	F09F10	R2A	plate01	NA
6.941953694444444	0.148	0.143	NA	NA	NA	b	monoculture	F11F12	R2A	plate01	NA
43.451348055555556	1.4486	0.145	H1977	evo	NA	b	monoculture	F11F12	R2A	plate01	NA
6.8276184722222215	0.143	0.1412	NA	NA	NA	c	diffusion_test_broth_start	G01G02	M9	plate01	NA
25.117611944444445	0.6738000000000001	0.1433333333333333	H1287	anc	NA	c	diffusion_test_broth_start	G01G02	R2A	plate01	NA
6.536430222222222	0.137	0.136	NA	NA	NA	c	diffusion_test_broth_start	G03G04	M9	plate01	NA
20.4138205	0.5861999999999999	0.1433333333333333	H1287	evo	NA	c	diffusion_test_broth_start	G03G04	R2A	plate01	NA
7.1391798333333325	0.15059999999999998	0.14659999999999998	NA	NA	NA	c	diffusion_test_broth_start	G05G06	M9	plate01	NA
34.412773305555554	0.9626	0.147	H1977	anc	NA	c	diffusion_test_broth_start	G05G06	R2A	plate01	NA
6.655948888888889	0.14	0.138	NA	NA	NA	c	diffusion_test_broth_start	G07G08	M9	plate01	NA
34.9485475	1.0688	0.145	H1977	evo	NA	c	diffusion_test_broth_start	G07G08	R2A	plate01	NA
6.961420638888888	0.148	0.14375	NA	NA	NA	c	monoculture	G09G10	R2A	plate01	NA
26.88197886111111	0.9233333333333333	0.147	H1287	evo	NA	c	monoculture	G09G10	R2A	plate01	NA
6.946787277777777	0.1452	0.144	NA	NA	NA	c	monoculture	G11G12	R2A	plate01	NA
44.40511875	1.467	0.147	H1977	evo	NA	c	monoculture	G11G12	R2A	plate01	NA
38.00067327777778	1.0352000000000001	0.153	H1287	anc	A1287_E1287	a	coculture	B01B02	R2A	plate02	0
26.586393750000003	0.8186	0.15259999999999999	H1287	evo	A1287_E1287	a	coculture	B01B02	R2A	plate02	0
31.141948666666668	0.7974	0.154	H1287	anc	A1287_A1977	a	coculture	B03B04	R2A	plate02	0
41.89478305555556	1.2338	0.155	H1977	anc	A1287_A1977	a	coculture	B03B04	R2A	plate02	0
34.00495269444445	0.8746	0.173	H1287	anc	A1287_E1977	a	coculture	B05B06	R2A	plate02	0
36.08739116666667	1.2328000000000001	0.1626	H1977	evo	A1287_E1977	a	coculture	B05B06	R2A	plate02	0
25.582264416666668	0.677	0.1588	H1287	evo	E1287_A1977	a	coculture	B07B08	R2A	plate02	0
43.93022588888889	1.3412	0.1542	H1977	anc	E1287_A1977	a	coculture	B07B08	R2A	plate02	0
27.950003222222225	0.785	0.1534	H1287	evo	E1287_E1977	a	coculture	B09B10	R2A	plate02	0
38.48217844444445	1.2504	0.1572	H1977	evo	E1287_E1977	a	coculture	B09B10	R2A	plate02	0
43.24014019444445	1.2588	0.156	H1977	anc	A1977_E1977	a	coculture	B11B12	R2A	plate02	0
29.935850194444445	0.9914	0.151	H1977	evo	A1977_E1977	a	coculture	B11B12	R2A	plate02	0
37.13072372222222	0.9995999999999999	0.153	H1287	anc	A1287_E1287	b	coculture	C01C02	R2A	plate02	0
20.76945377777778	0.626	0.154	H1287	evo	A1287_E1287	b	coculture	C01C02	R2A	plate02	0
33.78134113888889	0.863	0.154	H1287	anc	A1287_A1977	b	coculture	C03C04	R2A	plate02	0
40.909548722222226	1.2076	0.155	H1977	anc	A1287_A1977	b	coculture	C03C04	R2A	plate02	0
34.87743475	0.9084	0.16	H1287	anc	A1287_E1977	b	coculture	C05C06	R2A	plate02	0
35.087114694444445	1.139	0.153	H1977	evo	A1287_E1977	b	coculture	C05C06	R2A	plate02	0
27.301519583333334	0.7558	0.1578	H1287	evo	E1287_A1977	b	coculture	C07C08	R2A	plate02	0
44.529497	1.3224	0.15159999999999998	H1977	anc	E1287_A1977	b	coculture	C07C08	R2A	plate02	0
28.403363611111114	0.8	0.1528	H1287	evo	E1287_E1977	b	coculture	C09C10	R2A	plate02	0
37.77105002777778	1.2496	0.1562	H1977	evo	E1287_E1977	b	coculture	C09C10	R2A	plate02	0
46.05687913888889	1.313	0.1572	H1977	anc	A1977_E1977	b	coculture	C11C12	R2A	plate02	0
29.761245194444445	1.0062	0.155	H1977	evo	A1977_E1977	b	coculture	C11C12	R2A	plate02	0
36.622905555555555	0.9853999999999999	0.154	H1287	anc	A1287_E1287	c	coculture	D01D02	R2A	plate02	0
24.764723194444446	0.8473999999999999	0.1576	H1287	evo	A1287_E1287	c	coculture	D01D02	R2A	plate02	0
34.57396113888889	0.882	0.157	H1287	anc	A1287_A1977	c	coculture	D03D04	R2A	plate02	0
41.35379666666667	1.2232	0.1542	H1977	anc	A1287_A1977	c	coculture	D03D04	R2A	plate02	0
37.16337797222222	0.964	0.159	H1287	anc	A1287_E1977	c	coculture	D05D06	R2A	plate02	0
34.050815444444446	1.0634	0.156	H1977	evo	A1287_E1977	c	coculture	D05D06	R2A	plate02	0
27.554287472222224	0.7544	0.1616	H1287	evo	E1287_A1977	c	coculture	D07D08	R2A	plate02	0
44.71028316666667	1.346	0.157	H1977	anc	E1287_A1977	c	coculture	D07D08	R2A	plate02	0
28.887230722222224	0.796	0.155	H1287	evo	E1287_E1977	c	coculture	D09D10	R2A	plate02	0
38.32960561111111	1.27	0.153	H1977	evo	E1287_E1977	c	coculture	D09D10	R2A	plate02	0
44.80622180555556	1.2754	0.159	H1977	anc	A1977_E1977	c	coculture	D11D12	R2A	plate02	0
31.100497055555557	1.0218	0.155	H1977	evo	A1977_E1977	c	coculture	D11D12	R2A	plate02	0
36.22282427777778	0.986	0.154	H1287	anc	A1287_E1287	d	coculture	E01E02	R2A	plate02	0
21.85416930555556	0.6572	0.1588	H1287	evo	A1287_E1287	d	coculture	E01E02	R2A	plate02	0
33.82069352777778	0.859	0.153	H1287	anc	A1287_A1977	d	coculture	E03E04	R2A	plate02	0
42.26262880555556	1.2384	0.155	H1977	anc	A1287_A1977	d	coculture	E03E04	R2A	plate02	0
36.122967361111115	0.9242	0.155	H1287	anc	A1287_E1977	d	coculture	E05E06	R2A	plate02	0
35.78042933333334	1.1526	0.16040000000000001	H1977	evo	A1287_E1977	d	coculture	E05E06	R2A	plate02	0
27.62510402777778	0.7532	0.158	H1287	evo	E1287_A1977	d	coculture	E07E08	R2A	plate02	0
44.787697361111114	1.3362	0.15159999999999998	H1977	anc	E1287_A1977	d	coculture	E07E08	R2A	plate02	0
28.740115694444448	0.7916000000000001	0.1552	H1287	evo	E1287_E1977	d	coculture	E09E10	R2A	plate02	0
39.00120527777778	1.2812000000000001	0.1532	H1977	evo	E1287_E1977	d	coculture	E09E10	R2A	plate02	0
45.12900441666667	1.2864	0.156	H1977	anc	A1977_E1977	d	coculture	E11E12	R2A	plate02	0
32.02733680555556	1.0246	0.152	H1977	evo	A1977_E1977	d	coculture	E11E12	R2A	plate02	0
37.55455636111111	1.0408	0.1534	H1287	anc	A1287_E1287	e	coculture	F01F02	R2A	plate02	0
22.986477444444446	0.678	0.1714	H1287	evo	A1287_E1287	e	coculture	F01F02	R2A	plate02	0
34.11657733333333	0.8798	0.1592	H1287	anc	A1287_A1977	e	coculture	F03F04	R2A	plate02	0
41.643604833333335	1.2306000000000001	0.1532	H1977	anc	A1287_A1977	e	coculture	F03F04	R2A	plate02	0
35.392514250000005	0.9204	0.1592	H1287	anc	A1287_E1977	e	coculture	F05F06	R2A	plate02	0
35.056973722222224	1.1292	0.162	H1977	evo	A1287_E1977	e	coculture	F05F06	R2A	plate02	0
27.813545222222224	0.7692	0.1592	H1287	evo	E1287_A1977	e	coculture	F07F08	R2A	plate02	0
45.02171608333334	1.3454	0.1616	H1977	anc	E1287_A1977	e	coculture	F07F08	R2A	plate02	0
28.565803194444445	0.7962	0.1512	H1287	evo	E1287_E1977	e	coculture	F09F10	R2A	plate02	0
39.26048502777778	1.2813999999999999	0.1578	H1977	evo	E1287_E1977	e	coculture	F09F10	R2A	plate02	0
44.716999722222226	1.2952	0.1602	H1977	anc	A1977_E1977	e	coculture	F11F12	R2A	plate02	0
31.52302488888889	1.0353999999999999	0.155	H1977	evo	A1977_E1977	e	coculture	F11F12	R2A	plate02	0
38.78681708333333	1.06	0.1572	H1287	anc	A1287_E1287	f	coculture	G01G02	R2A	plate02	0
20.19612575	0.611	0.1612	H1287	evo	A1287_E1287	f	coculture	G01G02	R2A	plate02	0
33.67398847222222	0.8694	0.157	H1287	anc	A1287_A1977	f	coculture	G03G04	R2A	plate02	0
40.459340833333336	1.1862	0.161	H1977	anc	A1287_A1977	f	coculture	G03G04	R2A	plate02	0
34.77865722222222	0.9102	0.156	H1287	anc	A1287_E1977	f	coculture	G05G06	R2A	plate02	0
33.40232038888889	1.1246	0.1592	H1977	evo	A1287_E1977	f	coculture	G05G06	R2A	plate02	0
26.131014888888892	0.7148	0.161	H1287	evo	E1287_A1977	f	coculture	G07G08	R2A	plate02	0
44.35567091666667	1.3174000000000001	0.1524	H1977	anc	E1287_A1977	f	coculture	G07G08	R2A	plate02	0
28.46607586111111	0.8066000000000001	0.1554	H1287	evo	E1287_E1977	f	coculture	G09G10	R2A	plate02	0
38.51244463888889	1.2336	0.15533333333333332	H1977	evo	E1287_E1977	f	coculture	G09G10	R2A	plate02	0
43.99874763888889	1.2531999999999999	0.15940000000000001	H1977	anc	A1977_E1977	f	coculture	G11G12	R2A	plate02	0
29.206311916666667	0.8822	0.1602	H1977	evo	A1977_E1977	f	coculture	G11G12	R2A	plate02	0
38.51184958333334	1.0798	0.1528	H1287	anc	A1287_E1287	a	coculture	B01B02	R2A	plate03	4
20.739758833333333	0.589	0.153	H1287	evo	A1287_E1287	a	coculture	B01B02	R2A	plate03	4
31.86212063888889	0.8211999999999999	0.149	H1287	anc	A1287_A1977	a	coculture	B03B04	R2A	plate03	4
40.12371322222222	1.1718	0.14759999999999998	H1977	anc	A1287_A1977	a	coculture	B03B04	R2A	plate03	4
34.56837083333333	0.906	0.154	H1287	anc	A1287_E1977	a	coculture	B05B06	R2A	plate03	4
33.84232275	1.0654	0.15	H1977	evo	A1287_E1977	a	coculture	B05B06	R2A	plate03	4
25.634955222222224	0.706	0.1602	H1287	evo	E1287_A1977	a	coculture	B07B08	R2A	plate03	4
43.452571472222225	1.2824	0.1548	H1977	anc	E1287_A1977	a	coculture	B07B08	R2A	plate03	4
29.447117750000004	0.825	0.159	H1287	evo	E1287_E1977	a	coculture	B09B10	R2A	plate03	4
37.853423944444444	1.261	0.153	H1977	evo	E1287_E1977	a	coculture	B09B10	R2A	plate03	4
42.83008713888889	1.2438	0.1564	H1977	anc	A1977_E1977	a	coculture	B11B12	R2A	plate03	4
29.8849385	0.908	0.15159999999999998	H1977	evo	A1977_E1977	a	coculture	B11B12	R2A	plate03	4
36.34681036111111	0.9793999999999999	0.149	H1287	anc	A1287_E1287	b	coculture	C01C02	R2A	plate03	4
26.983030388888892	0.9092	0.1504	H1287	evo	A1287_E1287	b	coculture	C01C02	R2A	plate03	4
36.51077033333333	0.933	0.15159999999999998	H1287	anc	A1287_A1977	b	coculture	C03C04	R2A	plate03	4
32.23204316666667	0.9988	0.149	H1977	anc	A1287_A1977	b	coculture	C03C04	R2A	plate03	4
36.545877222222224	0.9491999999999999	0.154	H1287	anc	A1287_E1977	b	coculture	C05C06	R2A	plate03	4
33.99159488888889	1.0898	0.145	H1977	evo	A1287_E1977	b	coculture	C05C06	R2A	plate03	4
26.543403583333333	0.7368	0.155	H1287	evo	E1287_A1977	b	coculture	C07C08	R2A	plate03	4
44.84054813888889	1.3432	0.157	H1977	anc	E1287_A1977	b	coculture	C07C08	R2A	plate03	4
29.960093888888892	0.8313999999999999	0.153	H1287	evo	E1287_E1977	b	coculture	C09C10	R2A	plate03	4
37.78993583333334	1.1908	0.153	H1977	evo	E1287_E1977	b	coculture	C09C10	R2A	plate03	4
44.688534861111116	1.2884	0.154	H1977	anc	A1977_E1977	b	coculture	C11C12	R2A	plate03	4
30.950285694444446	0.984	0.1548	H1977	evo	A1977_E1977	b	coculture	C11C12	R2A	plate03	4
39.31213063888889	1.0866	0.15259999999999999	H1287	anc	A1287_E1287	c	coculture	D01D02	R2A	plate03	4
21.145141000000002	0.6388	0.14959999999999998	H1287	evo	A1287_E1287	c	coculture	D01D02	R2A	plate03	4
35.56517486111111	0.8946000000000001	0.1568	H1287	anc	A1287_A1977	c	coculture	D03D04	R2A	plate03	4
40.12448238888889	1.1908	0.1568	H1977	anc	A1287_A1977	c	coculture	D03D04	R2A	plate03	4
37.03884297222223	0.9608	0.15	H1287	anc	A1287_E1977	c	coculture	D05D06	R2A	plate03	4
34.395611111111116	1.1056000000000001	0.1484	H1977	evo	A1287_E1977	c	coculture	D05D06	R2A	plate03	4
26.919682583333334	0.7338	0.151	H1287	evo	E1287_A1977	c	coculture	D07D08	R2A	plate03	4
44.658152111111114	1.3432	0.1546	H1977	anc	E1287_A1977	c	coculture	D07D08	R2A	plate03	4
31.421734611111113	0.8613999999999999	0.156	H1287	evo	E1287_E1977	c	coculture	D09D10	R2A	plate03	4
36.69106602777778	1.1554	0.152	H1977	evo	E1287_E1977	c	coculture	D09D10	R2A	plate03	4
45.57602775	1.3164	0.156	H1977	anc	A1977_E1977	c	coculture	D11D12	R2A	plate03	4
29.78629713888889	0.9596	0.152	H1977	evo	A1977_E1977	c	coculture	D11D12	R2A	plate03	4
37.42883788888889	1.019	0.1602	H1287	anc	A1287_E1287	d	coculture	E01E02	R2A	plate03	4
20.878153805555556	0.6372	0.152	H1287	evo	A1287_E1287	d	coculture	E01E02	R2A	plate03	4
34.79150958333334	0.8788	0.1548	H1287	anc	A1287_A1977	d	coculture	E03E04	R2A	plate03	4
39.99320711111111	1.1948	0.1518	H1977	anc	A1287_A1977	d	coculture	E03E04	R2A	plate03	4
37.11569738888889	0.953	0.154	H1287	anc	A1287_E1977	d	coculture	E05E06	R2A	plate03	4
34.12512872222222	1.0998000000000001	0.15	H1977	evo	A1287_E1977	d	coculture	E05E06	R2A	plate03	4
27.624237833333336	0.7468	0.1534	H1287	evo	E1287_A1977	d	coculture	E07E08	R2A	plate03	4
44.134828500000005	1.3302	0.1522	H1977	anc	E1287_A1977	d	coculture	E07E08	R2A	plate03	4
30.07853588888889	0.8158	0.157	H1287	evo	E1287_E1977	d	coculture	E09E10	R2A	plate03	4
38.869523138888894	1.2688	0.151	H1977	evo	E1287_E1977	d	coculture	E09E10	R2A	plate03	4
44.983815444444446	1.336	0.154	H1977	anc	A1977_E1977	d	coculture	E11E12	R2A	plate03	4
31.024132944444446	0.9974	0.15	H1977	evo	A1977_E1977	d	coculture	E11E12	R2A	plate03	4
37.26433161111111	1.027	0.158	H1287	anc	A1287_E1287	e	coculture	F01F02	R2A	plate03	4
20.913088666666667	0.621	0.152	H1287	evo	A1287_E1287	e	coculture	F01F02	R2A	plate03	4
35.49202002777778	0.8974	0.157	H1287	anc	A1287_A1977	e	coculture	F03F04	R2A	plate03	4
40.54701216666667	1.1928	0.148	H1977	anc	A1287_A1977	e	coculture	F03F04	R2A	plate03	4
36.080978333333334	0.9206000000000001	0.1576	H1287	anc	A1287_E1977	e	coculture	F05F06	R2A	plate03	4
34.23107813888889	1.1174	0.149	H1977	evo	A1287_E1977	e	coculture	F05F06	R2A	plate03	4
27.212874972222224	0.7462	0.151	H1287	evo	E1287_A1977	e	coculture	F07F08	R2A	plate03	4
44.14598363888889	1.3312	0.1504	H1977	anc	E1287_A1977	e	coculture	F07F08	R2A	plate03	4
29.42905977777778	0.8166	0.151	H1287	evo	E1287_E1977	e	coculture	F09F10	R2A	plate03	4
39.65313858333334	1.2548	0.1966	H1977	evo	E1287_E1977	e	coculture	F09F10	R2A	plate03	4
45.081079583333334	1.307	0.1532	H1977	anc	A1977_E1977	e	coculture	F11F12	R2A	plate03	4
29.916682444444447	0.9448	0.153	H1977	evo	A1977_E1977	e	coculture	F11F12	R2A	plate03	4
38.47138363888889	1.0546	0.154	H1287	anc	A1287_E1287	f	coculture	G01G02	R2A	plate03	4
20.12324716666667	0.585	0.154	H1287	evo	A1287_E1287	f	coculture	G01G02	R2A	plate03	4
33.431992	0.8674	0.1572	H1287	anc	A1287_A1977	f	coculture	G03G04	R2A	plate03	4
38.75903547222222	1.122	0.1494	H1977	anc	A1287_A1977	f	coculture	G03G04	R2A	plate03	4
36.904095500000004	0.9688	0.161	H1287	anc	A1287_E1977	f	coculture	G05G06	R2A	plate03	4
30.791409722222223	0.966	0.151	H1977	evo	A1287_E1977	f	coculture	G05G06	R2A	plate03	4
26.329087944444446	0.7263999999999999	0.15159999999999998	H1287	evo	E1287_A1977	f	coculture	G07G08	R2A	plate03	4
43.49733586111111	1.2728	0.1548	H1977	anc	E1287_A1977	f	coculture	G07G08	R2A	plate03	4
29.419592750000003	0.8336	0.155	H1287	evo	E1287_E1977	f	coculture	G09G10	R2A	plate03	4
36.261008000000004	1.0978	0.154	H1977	evo	E1287_E1977	f	coculture	G09G10	R2A	plate03	4
43.41671127777778	1.2616	0.152	H1977	anc	A1977_E1977	f	coculture	G11G12	R2A	plate03	4
28.633413444444447	0.877	0.1544	H1977	evo	A1977_E1977	f	coculture	G11G12	R2A	plate03	4
27.81922161111111	0.8183333333333332	0.154	H1287	anc	A1287_E1287	a	coculture	B01B02	R2A	plate04	8
19.833959111111113	0.5082	0.1552	H1287	evo	A1287_E1287	a	coculture	B01B02	R2A	plate04	8
25.935507333333334	0.6816000000000001	0.154	H1287	anc	A1287_A1977	a	coculture	B03B04	R2A	plate04	8
42.03335766666667	1.2973999999999999	0.1492	H1977	anc	A1287_A1977	a	coculture	B03B04	R2A	plate04	8
29.02154177777778	0.784	0.16	H1287	anc	A1287_E1977	a	coculture	B05B06	R2A	plate04	8
36.30232	1.1426	0.168	H1977	evo	A1287_E1977	a	coculture	B05B06	R2A	plate04	8
24.213097611111113	0.6826000000000001	0.154	H1287	evo	E1287_A1977	a	coculture	B07B08	R2A	plate04	8
42.14895691666667	1.2786	0.16140000000000002	H1977	anc	E1287_A1977	a	coculture	B07B08	R2A	plate04	8
24.713104083333334	0.7183999999999999	0.1566	H1287	evo	E1287_E1977	a	coculture	B09B10	R2A	plate04	8
39.38952325	1.2854	0.156	H1977	evo	E1287_E1977	a	coculture	B09B10	R2A	plate04	8
39.79180491666667	1.1498	0.1508	H1977	anc	A1977_E1977	a	coculture	B11B12	R2A	plate04	8
32.222624333333336	0.9975999999999999	0.148	H1977	evo	A1977_E1977	a	coculture	B11B12	R2A	plate04	8
30.91808494444445	0.8836	0.156	H1287	anc	A1287_E1287	b	coculture	C01C02	R2A	plate04	8
20.78138563888889	0.5828	0.153	H1287	evo	A1287_E1287	b	coculture	C01C02	R2A	plate04	8
29.541175250000002	0.8026666666666668	0.164	H1287	anc	A1287_A1977	b	coculture	C03C04	R2A	plate04	8
40.33453775	1.223	0.155	H1977	anc	A1287_A1977	b	coculture	C03C04	R2A	plate04	8
34.151268583333334	0.8948	0.159	H1287	anc	A1287_E1977	b	coculture	C05C06	R2A	plate04	8
36.41710669444445	1.1912	0.1598	H1977	evo	A1287_E1977	b	coculture	C05C06	R2A	plate04	8
23.32707513888889	0.6826000000000001	0.156	H1287	evo	E1287_A1977	b	coculture	C07C08	R2A	plate04	8
42.66511577777778	1.3304	0.167	H1977	anc	E1287_A1977	b	coculture	C07C08	R2A	plate04	8
25.58148852777778	0.7372	0.154	H1287	evo	E1287_E1977	b	coculture	C09C10	R2A	plate04	8
40.047158583333335	1.3254	0.146	H1977	evo	E1287_E1977	b	coculture	C09C10	R2A	plate04	8
42.933469638888894	1.2658	0.155	H1977	anc	A1977_E1977	b	coculture	C11C12	R2A	plate04	8
34.46829411111111	1.0952	0.163	H1977	evo	A1977_E1977	b	coculture	C11C12	R2A	plate04	8
27.750163833333335	0.8346	0.1568	H1287	anc	A1287_E1287	c	coculture	D01D02	R2A	plate04	8
21.011756305555558	0.6158	0.15259999999999999	H1287	evo	A1287_E1287	c	coculture	D01D02	R2A	plate04	8
29.489722722222226	0.8044	0.1562	H1287	anc	A1287_A1977	c	coculture	D03D04	R2A	plate04	8
40.209251	1.2248000000000001	0.155	H1977	anc	A1287_A1977	c	coculture	D03D04	R2A	plate04	8
30.58904366666667	0.8116000000000001	0.1484	H1287	anc	A1287_E1977	c	coculture	D05D06	R2A	plate04	8
37.10177769444445	1.231	0.153	H1977	evo	A1287_E1977	c	coculture	D05D06	R2A	plate04	8
22.974962027777778	0.6468	0.153	H1287	evo	E1287_A1977	c	coculture	D07D08	R2A	plate04	8
43.49909191666667	1.349	0.16040000000000001	H1977	anc	E1287_A1977	c	coculture	D07D08	R2A	plate04	8
23.90368077777778	0.6998	0.154	H1287	evo	E1287_E1977	c	coculture	D09D10	R2A	plate04	8
39.60999066666667	1.3316	0.147	H1977	evo	E1287_E1977	c	coculture	D09D10	R2A	plate04	8
41.98272191666667	1.227	0.153	H1977	anc	A1977_E1977	c	coculture	D11D12	R2A	plate04	8
33.83553477777778	1.0475999999999999	0.169	H1977	evo	A1977_E1977	c	coculture	D11D12	R2A	plate04	8
26.746678666666668	0.7994	0.158	H1287	anc	A1287_E1287	d	coculture	E01E02	R2A	plate04	8
20.618778555555558	0.6083999999999999	0.1544	H1287	evo	A1287_E1287	d	coculture	E01E02	R2A	plate04	8
29.12100241666667	0.7596	0.153	H1287	anc	A1287_A1977	d	coculture	E03E04	R2A	plate04	8
39.11168911111111	1.2388000000000001	0.15	H1977	anc	A1287_A1977	d	coculture	E03E04	R2A	plate04	8
33.451433916666666	0.8706	0.152	H1287	anc	A1287_E1977	d	coculture	E05E06	R2A	plate04	8
34.33939455555556	1.1445999999999998	0.151	H1977	evo	A1287_E1977	d	coculture	E05E06	R2A	plate04	8
22.92594227777778	0.6628000000000001	0.1552	H1287	evo	E1287_A1977	d	coculture	E07E08	R2A	plate04	8
42.57525997222223	1.3242	0.151	H1977	anc	E1287_A1977	d	coculture	E07E08	R2A	plate04	8
24.68042616666667	0.692	0.151	H1287	evo	E1287_E1977	d	coculture	E09E10	R2A	plate04	8
40.14998716666667	1.3402	0.149	H1977	evo	E1287_E1977	d	coculture	E09E10	R2A	plate04	8
41.69946827777778	1.2214	0.1484	H1977	anc	A1977_E1977	d	coculture	E11E12	R2A	plate04	8
33.534274611111115	1.0856	0.1552	H1977	evo	A1977_E1977	d	coculture	E11E12	R2A	plate04	8
26.46636352777778	0.7553333333333333	0.153	H1287	anc	A1287_E1287	e	coculture	F01F02	R2A	plate04	8
26.59080986111111	0.853	0.153	H1287	evo	A1287_E1287	e	coculture	F01F02	R2A	plate04	8
29.415844083333337	0.7788	0.1588	H1287	anc	A1287_A1977	e	coculture	F03F04	R2A	plate04	8
39.20322005555556	1.249	0.146	H1977	anc	A1287_A1977	e	coculture	F03F04	R2A	plate04	8
31.492462027777776	0.8368	0.1528	H1287	anc	A1287_E1977	e	coculture	F05F06	R2A	plate04	8
37.09007394444445	1.2058	0.149	H1977	evo	A1287_E1977	e	coculture	F05F06	R2A	plate04	8
23.867602305555558	0.6896	0.16	H1287	evo	E1287_A1977	e	coculture	F07F08	R2A	plate04	8
43.38787697222222	1.3398	0.16140000000000002	H1977	anc	E1287_A1977	e	coculture	F07F08	R2A	plate04	8
29.007431250000003	0.8806	0.152	H1287	evo	E1287_E1977	e	coculture	F09F10	R2A	plate04	8
38.83350633333333	1.2324	0.152	H1977	evo	E1287_E1977	e	coculture	F09F10	R2A	plate04	8
40.69320044444444	1.1854	0.147	H1977	anc	A1977_E1977	e	coculture	F11F12	R2A	plate04	8
33.360188694444446	1.05	0.14759999999999998	H1977	evo	A1977_E1977	e	coculture	F11F12	R2A	plate04	8
28.70026925	0.8358	0.1548	H1287	anc	A1287_E1287	f	coculture	G01G02	R2A	plate04	8
19.186045916666668	0.49219999999999997	0.1528	H1287	evo	A1287_E1287	f	coculture	G01G02	R2A	plate04	8
27.484749	0.7433333333333333	0.149	H1287	anc	A1287_A1977	f	coculture	G03G04	R2A	plate04	8
40.81671788888889	1.2328000000000001	0.1478	H1977	anc	A1287_A1977	f	coculture	G03G04	R2A	plate04	8
28.501378805555557	0.7736666666666667	0.14679999999999999	H1287	anc	A1287_E1977	f	coculture	G05G06	R2A	plate04	8
34.541584722222225	1.1104	0.149	H1977	evo	A1287_E1977	f	coculture	G05G06	R2A	plate04	8
24.780694555555556	0.7123333333333333	0.149	H1287	evo	E1287_A1977	f	coculture	G07G08	R2A	plate04	8
40.248588	1.194	0.155	H1977	anc	E1287_A1977	f	coculture	G07G08	R2A	plate04	8
24.791934833333336	0.7188	0.1492	H1287	evo	E1287_E1977	f	coculture	G09G10	R2A	plate04	8
38.20086475	1.244	0.147	H1977	evo	E1287_E1977	f	coculture	G09G10	R2A	plate04	8
38.681322055555555	1.1546	0.1514	H1977	anc	A1977_E1977	f	coculture	G11G12	R2A	plate04	8
31.713278944444447	0.951	0.1512	H1977	evo	A1977_E1977	f	coculture	G11G12	R2A	plate04	8
37.3945385	1.0544	0.1482	H1287	anc	A1287_E1287	a	coculture	B01B02	R2A	plate05	12
18.369740722222225	0.594	0.151	H1287	evo	A1287_E1287	a	coculture	B01B02	R2A	plate05	12
41.60347791666667	1.2783333333333333	0.1484	H1287	anc	A1287_A1977	a	coculture	B03B04	R2A	plate05	12
7.150436472222222	0.175	0.143	H1977	anc	A1287_A1977	a	coculture	B03B04	R2A	plate05	12
35.94372638888889	0.9978	0.14959999999999998	H1287	anc	A1287_E1977	a	coculture	B05B06	R2A	plate05	12
31.341637444444444	1.033	0.14679999999999999	H1977	evo	A1287_E1977	a	coculture	B05B06	R2A	plate05	12
36.50431458333333	1.1858	0.152	H1287	evo	E1287_A1977	a	coculture	B07B08	R2A	plate05	12
7.221936666666667	0.22633333333333333	0.14459999999999998	H1977	anc	E1287_A1977	a	coculture	B07B08	R2A	plate05	12
29.415985111111112	0.855	0.1522	H1287	evo	E1287_E1977	a	coculture	B09B10	R2A	plate05	12
34.50746161111111	1.1965999999999999	0.15	H1977	evo	E1287_E1977	a	coculture	B09B10	R2A	plate05	12
7.404846	0.16	0.151	H1977	anc	A1977_E1977	a	coculture	B11B12	R2A	plate05	12
44.42938141666667	1.5264	0.149	H1977	evo	A1977_E1977	a	coculture	B11B12	R2A	plate05	12
39.843581111111114	1.1396	0.16366666666666668	H1287	anc	A1287_E1287	b	coculture	C01C02	R2A	plate05	12
18.43402327777778	0.5468000000000001	0.148	H1287	evo	A1287_E1287	b	coculture	C01C02	R2A	plate05	12
41.697771555555555	1.2832	0.14759999999999998	H1287	anc	A1287_A1977	b	coculture	C03C04	R2A	plate05	12
6.9954744444444446	0.16233333333333333	0.143	H1977	anc	A1287_A1977	b	coculture	C03C04	R2A	plate05	12
36.64637566666667	0.9618	0.14666666666666667	H1287	anc	A1287_E1977	b	coculture	C05C06	R2A	plate05	12
33.20618186111111	1.1172	0.145	H1977	evo	A1287_E1977	b	coculture	C05C06	R2A	plate05	12
35.00050180555556	1.1576666666666666	0.1494	H1287	evo	E1287_A1977	b	coculture	C07C08	R2A	plate05	12
8.778902527777777	0.22999999999999998	0.143	H1977	anc	E1287_A1977	b	coculture	C07C08	R2A	plate05	12
29.170582055555556	0.8306	0.149	H1287	evo	E1287_E1977	b	coculture	C09C10	R2A	plate05	12
36.015187555555556	1.2502	0.15159999999999998	H1977	evo	E1287_E1977	b	coculture	C09C10	R2A	plate05	12
7.824429305555555	0.20479999999999998	0.144	H1977	anc	A1977_E1977	b	coculture	C11C12	R2A	plate05	12
43.91652141666667	1.5174	0.15	H1977	evo	A1977_E1977	b	coculture	C11C12	R2A	plate05	12
37.59488063888889	1.0498	0.153	H1287	anc	A1287_E1287	c	coculture	D01D02	R2A	plate05	12
18.706115750000002	0.564	0.14559999999999998	H1287	evo	A1287_E1287	c	coculture	D01D02	R2A	plate05	12
40.566185833333336	1.273	0.15033333333333332	H1287	anc	A1287_A1977	c	coculture	D03D04	R2A	plate05	12
7.187430638888889	0.195	0.144	H1977	anc	A1287_A1977	c	coculture	D03D04	R2A	plate05	12
36.4479695	0.9506	0.1484	H1287	anc	A1287_E1977	c	coculture	D05D06	R2A	plate05	12
33.35203411111112	1.1216000000000002	0.16366666666666668	H1977	evo	A1287_E1977	c	coculture	D05D06	R2A	plate05	12
34.28434636111111	1.1083333333333334	0.15	H1287	evo	E1287_A1977	c	coculture	D07D08	R2A	plate05	12
7.158702	0.21466666666666667	0.1424	H1977	anc	E1287_A1977	c	coculture	D07D08	R2A	plate05	12
30.031091444444446	0.8116000000000001	0.17033333333333334	H1287	evo	E1287_E1977	c	coculture	D09D10	R2A	plate05	12
37.08185430555556	1.2773999999999999	0.148	H1977	evo	E1287_E1977	c	coculture	D09D10	R2A	plate05	12
8.389297833333334	0.19820000000000002	0.1478	H1977	anc	A1977_E1977	c	coculture	D11D12	R2A	plate05	12
43.26856361111111	1.541	0.14579999999999999	H1977	evo	A1977_E1977	c	coculture	D11D12	R2A	plate05	12
39.694844055555556	1.1126	0.169	H1287	anc	A1287_E1287	d	coculture	E01E02	R2A	plate05	12
18.448625083333337	0.5352	0.1488	H1287	evo	A1287_E1287	d	coculture	E01E02	R2A	plate05	12
39.56834944444444	1.174	0.147	H1287	anc	A1287_A1977	d	coculture	E03E04	R2A	plate05	12
8.730232944444445	0.25933333333333336	0.144	H1977	anc	A1287_A1977	d	coculture	E03E04	R2A	plate05	12
37.49121502777778	0.9776666666666667	0.16366666666666668	H1287	anc	A1287_E1977	d	coculture	E05E06	R2A	plate05	12
31.245452333333336	1.044	0.144	H1977	evo	A1287_E1977	d	coculture	E05E06	R2A	plate05	12
34.23177238888889	1.0726666666666667	0.159	H1287	evo	E1287_A1977	d	coculture	E07E08	R2A	plate05	12
8.068231361111112	0.38833333333333336	0.14179999999999998	H1977	anc	E1287_A1977	d	coculture	E07E08	R2A	plate05	12
29.307723944444447	0.8148	0.15	H1287	evo	E1287_E1977	d	coculture	E09E10	R2A	plate05	12
36.42828416666667	1.2376	0.16566666666666668	H1977	evo	E1287_E1977	d	coculture	E09E10	R2A	plate05	12
7.000640805555555	0.155	0.1424	H1977	anc	A1977_E1977	d	coculture	E11E12	R2A	plate05	12
43.179171611111116	1.5393999999999999	0.151	H1977	evo	A1977_E1977	d	coculture	E11E12	R2A	plate05	12
36.58699977777778	1.0422	0.1464	H1287	anc	A1287_E1287	e	coculture	F01F02	R2A	plate05	12
17.703319194444447	0.5186666666666667	0.14459999999999998	H1287	evo	A1287_E1287	e	coculture	F01F02	R2A	plate05	12
40.89047244444445	1.2484	0.147	H1287	anc	A1287_A1977	e	coculture	F03F04	R2A	plate05	12
7.109141944444445	0.1753333333333333	0.144	H1977	anc	A1287_A1977	e	coculture	F03F04	R2A	plate05	12
36.50165880555556	0.9633999999999999	0.15059999999999998	H1287	anc	A1287_E1977	e	coculture	F05F06	R2A	plate05	12
34.3594785	1.133	0.16333333333333333	H1977	evo	A1287_E1977	e	coculture	F05F06	R2A	plate05	12
35.19393794444445	1.1646666666666667	0.153	H1287	evo	E1287_A1977	e	coculture	F07F08	R2A	plate05	12
7.1523980555555555	0.18666666666666668	0.146	H1977	anc	E1287_A1977	e	coculture	F07F08	R2A	plate05	12
28.655726444444447	0.81	0.15059999999999998	H1287	evo	E1287_E1977	e	coculture	F09F10	R2A	plate05	12
36.76780961111111	1.254	0.14579999999999999	H1977	evo	E1287_E1977	e	coculture	F09F10	R2A	plate05	12
7.2696258333333335	0.171	0.144	H1977	anc	A1977_E1977	e	coculture	F11F12	R2A	plate05	12
42.82604177777778	1.5348	0.147	H1977	evo	A1977_E1977	e	coculture	F11F12	R2A	plate05	12
39.06195966666667	1.1124	0.1492	H1287	anc	A1287_E1287	f	coculture	G01G02	R2A	plate05	12
17.849910833333336	0.506	0.14559999999999998	H1287	evo	A1287_E1287	f	coculture	G01G02	R2A	plate05	12
44.33126197222222	1.351	0.15	H1287	anc	A1287_A1977	f	coculture	G03G04	R2A	plate05	12
7.044447361111111	0.155	0.144	H1977	anc	A1287_A1977	f	coculture	G03G04	R2A	plate05	12
38.03259488888889	1.0372	0.1484	H1287	anc	A1287_E1977	f	coculture	G05G06	R2A	plate05	12
29.98985852777778	0.9984	0.17066666666666666	H1977	evo	A1287_E1977	f	coculture	G05G06	R2A	plate05	12
38.712334194444445	1.2226	0.153	H1287	evo	E1287_A1977	f	coculture	G07G08	R2A	plate05	12
7.411849972222223	0.22933333333333333	0.149	H1977	anc	E1287_A1977	f	coculture	G07G08	R2A	plate05	12
29.64239913888889	0.89	0.14866666666666667	H1287	evo	E1287_E1977	f	coculture	G09G10	R2A	plate05	12
33.44758380555556	1.1868	0.1504	H1977	evo	E1287_E1977	f	coculture	G09G10	R2A	plate05	12
7.31258475	0.158	0.149	H1977	anc	A1977_E1977	f	coculture	G11G12	R2A	plate05	12
43.921793138888894	1.5272000000000001	0.145	H1977	evo	A1977_E1977	f	coculture	G11G12	R2A	plate05	12
31.909895722222224	0.94675	0.1566	H1287	anc	A1287_E1287	a	coculture	B01B02	R2A	plate06	16
22.541819611111112	0.6864	0.166	H1287	evo	A1287_E1287	a	coculture	B01B02	R2A	plate06	16
36.82336294444445	1.096	0.154	H1287	anc	A1287_A1977	a	coculture	B03B04	R2A	plate06	16
7.030103111111111	0.15333333333333332	0.145	H1977	anc	A1287_A1977	a	coculture	B03B04	R2A	plate06	16
28.82122927777778	0.796	0.146	H1287	anc	A1287_E1977	a	coculture	B05B06	R2A	plate06	16
35.72886338888889	1.2224000000000002	0.1484	H1977	evo	A1287_E1977	a	coculture	B05B06	R2A	plate06	16
31.398620750000003	1.0793333333333333	0.152	H1287	evo	E1287_A1977	a	coculture	B07B08	R2A	plate06	16
7.058453611111111	0.15433333333333332	0.146	H1977	anc	E1287_A1977	a	coculture	B07B08	R2A	plate06	16
24.87313341666667	0.7278	0.1518	H1287	evo	E1287_E1977	a	coculture	B09B10	R2A	plate06	16
35.905592194444445	1.2478	0.1492	H1977	evo	E1287_E1977	a	coculture	B09B10	R2A	plate06	16
7.329773416666667	0.158	0.15133333333333332	H1977	anc	A1977_E1977	a	coculture	B11B12	R2A	plate06	16
40.69536044444445	1.4748000000000001	0.151	H1977	evo	A1977_E1977	a	coculture	B11B12	R2A	plate06	16
31.82345025	0.8896000000000001	0.1492	H1287	anc	A1287_E1287	b	coculture	C01C02	R2A	plate06	16
21.73593202777778	0.688	0.153	H1287	evo	A1287_E1287	b	coculture	C01C02	R2A	plate06	16
40.97851297222223	1.2622	0.1498	H1287	anc	A1287_A1977	b	coculture	C03C04	R2A	plate06	16
6.962269166666666	0.15133333333333332	0.144	H1977	anc	A1287_A1977	b	coculture	C03C04	R2A	plate06	16
34.789268416666665	0.9364	0.152	H1287	anc	A1287_E1977	b	coculture	C05C06	R2A	plate06	16
32.61215986111112	1.1136	0.1504	H1977	evo	A1287_E1977	b	coculture	C05C06	R2A	plate06	16
28.22148775	0.9286666666666668	0.153	H1287	evo	E1287_A1977	b	coculture	C07C08	R2A	plate06	16
7.05905925	0.15166666666666667	0.146	H1977	anc	E1287_A1977	b	coculture	C07C08	R2A	plate06	16
25.18382386111111	0.7634	0.148	H1287	evo	E1287_E1977	b	coculture	C09C10	R2A	plate06	16
36.391305305555555	1.2564	0.15566666666666668	H1977	evo	E1287_E1977	b	coculture	C09C10	R2A	plate06	16
7.069914722222222	0.158	0.146	H1977	anc	A1977_E1977	b	coculture	C11C12	R2A	plate06	16
41.92570611111111	1.4902	0.15	H1977	evo	A1977_E1977	b	coculture	C11C12	R2A	plate06	16
32.48065016666667	0.9302	0.1524	H1287	anc	A1287_E1287	c	coculture	D01D02	R2A	plate06	16
22.359227194444447	0.7013999999999999	0.15	H1287	evo	A1287_E1287	c	coculture	D01D02	R2A	plate06	16
39.53104225	1.1852	0.1552	H1287	anc	A1287_A1977	c	coculture	D03D04	R2A	plate06	16
7.147765777777778	0.158	0.148	H1977	anc	A1287_A1977	c	coculture	D03D04	R2A	plate06	16
31.507782972222223	0.8456	0.155	H1287	anc	A1287_E1977	c	coculture	D05D06	R2A	plate06	16
36.49169941666667	1.2596	0.153	H1977	evo	A1287_E1977	c	coculture	D05D06	R2A	plate06	16
32.79134391666667	1.107	0.1528	H1287	evo	E1287_A1977	c	coculture	D07D08	R2A	plate06	16
7.966316	0.185	0.145	H1977	anc	E1287_A1977	c	coculture	D07D08	R2A	plate06	16
25.572268083333334	0.7536	0.15059999999999998	H1287	evo	E1287_E1977	c	coculture	D09D10	R2A	plate06	16
35.83126080555556	1.2551999999999999	0.148	H1977	evo	E1287_E1977	c	coculture	D09D10	R2A	plate06	16
7.090581666666667	0.155	0.14679999999999999	H1977	anc	A1977_E1977	c	coculture	D11D12	R2A	plate06	16
41.12882619444445	1.4952	0.149	H1977	evo	A1977_E1977	c	coculture	D11D12	R2A	plate06	16
31.0777165	0.9206000000000001	0.16140000000000002	H1287	anc	A1287_E1287	d	coculture	E01E02	R2A	plate06	16
22.490103222222224	0.7068	0.155	H1287	evo	A1287_E1287	d	coculture	E01E02	R2A	plate06	16
34.375925583333334	1.1066666666666667	0.151	H1287	anc	A1287_A1977	d	coculture	E03E04	R2A	plate06	16
7.570831083333333	0.197	0.145	H1977	anc	A1287_A1977	d	coculture	E03E04	R2A	plate06	16
32.86346488888889	0.8778	0.155	H1287	anc	A1287_E1977	d	coculture	E05E06	R2A	plate06	16
34.98226280555556	1.1956	0.1478	H1977	evo	A1287_E1977	d	coculture	E05E06	R2A	plate06	16
33.44767211111111	1.0996666666666666	0.16033333333333333	H1287	evo	E1287_A1977	d	coculture	E07E08	R2A	plate06	16
6.811412	0.144	0.141	H1977	anc	E1287_A1977	d	coculture	E07E08	R2A	plate06	16
25.268945083333335	0.7406	0.151	H1287	evo	E1287_E1977	d	coculture	E09E10	R2A	plate06	16
36.87573852777778	1.2866	0.147	H1977	evo	E1287_E1977	d	coculture	E09E10	R2A	plate06	16
7.0165975	0.154	0.144	H1977	anc	A1977_E1977	d	coculture	E11E12	R2A	plate06	16
40.618858861111114	1.497	0.153	H1977	evo	A1977_E1977	d	coculture	E11E12	R2A	plate06	16
32.6711955	0.9872	0.22066666666666665	H1287	anc	A1287_E1287	e	coculture	F01F02	R2A	plate06	16
20.944796694444445	0.6456000000000001	0.151	H1287	evo	A1287_E1287	e	coculture	F01F02	R2A	plate06	16
33.77862161111111	1.0733333333333333	0.149	H1287	anc	A1287_A1977	e	coculture	F03F04	R2A	plate06	16
6.879101388888889	0.147	0.142	H1977	anc	A1287_A1977	e	coculture	F03F04	R2A	plate06	16
32.84640713888889	0.8726	0.15666666666666668	H1287	anc	A1287_E1977	e	coculture	F05F06	R2A	plate06	16
34.54339838888889	1.1946	0.149	H1977	evo	A1287_E1977	e	coculture	F05F06	R2A	plate06	16
32.816223666666666	1.124	0.148	H1287	evo	E1287_A1977	e	coculture	F07F08	R2A	plate06	16
7.0607815	0.151	0.146	H1977	anc	E1287_A1977	e	coculture	F07F08	R2A	plate06	16
25.413534055555555	0.741	0.16033333333333333	H1287	evo	E1287_E1977	e	coculture	F09F10	R2A	plate06	16
36.73583744444445	1.283	0.1488	H1977	evo	E1287_E1977	e	coculture	F09F10	R2A	plate06	16
7.038058944444444	0.15166666666666667	0.146	H1977	anc	A1977_E1977	e	coculture	F11F12	R2A	plate06	16
41.848759361111114	1.484	0.147	H1977	evo	A1977_E1977	e	coculture	F11F12	R2A	plate06	16
29.163729361111113	0.8764	0.1508	H1287	anc	A1287_E1287	f	coculture	G01G02	R2A	plate06	16
20.923362472222223	0.623	0.1568	H1287	evo	A1287_E1287	f	coculture	G01G02	R2A	plate06	16
37.965679083333335	1.1423999999999999	0.1598	H1287	anc	A1287_A1977	f	coculture	G03G04	R2A	plate06	16
7.053453277777778	0.15633333333333332	0.145	H1977	anc	A1287_A1977	f	coculture	G03G04	R2A	plate06	16
32.506658916666666	0.867	0.1532	H1287	anc	A1287_E1977	f	coculture	G05G06	R2A	plate06	16
32.87428188888889	1.1112	0.1492	H1977	evo	A1287_E1977	f	coculture	G05G06	R2A	plate06	16
32.00486497222222	1.1126666666666667	0.153	H1287	evo	E1287_A1977	f	coculture	G07G08	R2A	plate06	16
6.988158083333333	0.15566666666666668	0.144	H1977	anc	E1287_A1977	f	coculture	G07G08	R2A	plate06	16
25.815336694444444	0.7612	0.1482	H1287	evo	E1287_E1977	f	coculture	G09G10	R2A	plate06	16
35.085676694444444	1.2562	0.14759999999999998	H1977	evo	E1287_E1977	f	coculture	G09G10	R2A	plate06	16
7.0916373055555555	0.15433333333333332	0.147	H1977	anc	A1977_E1977	f	coculture	G11G12	R2A	plate06	16
43.17965488888889	1.5284	0.146	H1977	evo	A1977_E1977	f	coculture	G11G12	R2A	plate06	16
30.017829805555557	0.957	0.1518	H1287	anc	A1287_E1287	a	coculture	B01B02	R2A	plate07	24
18.783977805555555	0.49133333333333334	0.152	H1287	evo	A1287_E1287	a	coculture	B01B02	R2A	plate07	24
35.79735961111111	1.1536666666666666	0.151	H1287	anc	A1287_A1977	a	coculture	B03B04	R2A	plate07	24
7.077565	0.15333333333333332	0.1462	H1977	anc	A1287_A1977	a	coculture	B03B04	R2A	plate07	24
28.97665413888889	0.7952	0.1502	H1287	anc	A1287_E1977	a	coculture	B05B06	R2A	plate07	24
36.136778694444445	1.2116	0.151	H1977	evo	A1287_E1977	a	coculture	B05B06	R2A	plate07	24
33.19477908333334	1.0704	0.149	H1287	evo	E1287_A1977	a	coculture	B07B08	R2A	plate07	24
7.185616388888889	0.157	0.148	H1977	anc	E1287_A1977	a	coculture	B07B08	R2A	plate07	24
26.72562388888889	0.7746000000000001	0.15533333333333332	H1287	evo	E1287_E1977	a	coculture	B09B10	R2A	plate07	24
36.96421563888889	1.2472	0.16	H1977	evo	E1287_E1977	a	coculture	B09B10	R2A	plate07	24
7.616577611111111	0.17279999999999998	0.154	H1977	anc	A1977_E1977	a	coculture	B11B12	R2A	plate07	24
44.71372152777778	1.4838	0.1668	H1977	evo	A1977_E1977	a	coculture	B11B12	R2A	plate07	24
28.785534833333333	0.8718	0.1524	H1287	anc	A1287_E1287	b	coculture	C01C02	R2A	plate07	24
21.024155166666667	0.6272	0.1586	H1287	evo	A1287_E1287	b	coculture	C01C02	R2A	plate07	24
34.975446527777784	1.1383333333333332	0.151	H1287	anc	A1287_A1977	b	coculture	C03C04	R2A	plate07	24
7.637438305555556	0.166	0.157	H1977	anc	A1287_A1977	b	coculture	C03C04	R2A	plate07	24
31.06704363888889	0.8392	0.148	H1287	anc	A1287_E1977	b	coculture	C05C06	R2A	plate07	24
34.797202472222224	1.1836	0.1488	H1977	evo	A1287_E1977	b	coculture	C05C06	R2A	plate07	24
30.456045222222226	1.081	0.1474	H1287	evo	E1287_A1977	b	coculture	C07C08	R2A	plate07	24
7.051720277777778	0.152	0.146	H1977	anc	E1287_A1977	b	coculture	C07C08	R2A	plate07	24
25.625417527777778	0.7252	0.154	H1287	evo	E1287_E1977	b	coculture	C09C10	R2A	plate07	24
37.36609805555556	1.297	0.148	H1977	evo	E1287_E1977	b	coculture	C09C10	R2A	plate07	24
7.583549416666667	0.16820000000000002	0.149	H1977	anc	A1977_E1977	b	coculture	C11C12	R2A	plate07	24
43.09383947222223	1.4954	0.156	H1977	evo	A1977_E1977	b	coculture	C11C12	R2A	plate07	24
33.45992347222222	0.999	0.15159999999999998	H1287	anc	A1287_E1287	c	coculture	D01D02	R2A	plate07	24
21.44292641666667	0.6314	0.148	H1287	evo	A1287_E1287	c	coculture	D01D02	R2A	plate07	24
35.16321955555556	1.185	0.148	H1287	anc	A1287_A1977	c	coculture	D03D04	R2A	plate07	24
7.110343111111111	0.15866666666666668	0.146	H1977	anc	A1287_A1977	c	coculture	D03D04	R2A	plate07	24
31.64671002777778	0.848	0.1492	H1287	anc	A1287_E1977	c	coculture	D05D06	R2A	plate07	24
34.729795361111115	1.1942	0.152	H1977	evo	A1287_E1977	c	coculture	D05D06	R2A	plate07	24
33.35466963888889	1.105	0.149	H1287	evo	E1287_A1977	c	coculture	D07D08	R2A	plate07	24
10.072867222222222	0.285	0.145	H1977	anc	E1287_A1977	c	coculture	D07D08	R2A	plate07	24
24.131254722222224	0.6884	0.15259999999999999	H1287	evo	E1287_E1977	c	coculture	D09D10	R2A	plate07	24
37.271915	1.315	0.16433333333333333	H1977	evo	E1287_E1977	c	coculture	D09D10	R2A	plate07	24
7.074275888888889	0.15575	0.146	H1977	anc	A1977_E1977	c	coculture	D11D12	R2A	plate07	24
39.26572727777778	1.4753333333333334	0.1584	H1977	evo	A1977_E1977	c	coculture	D11D12	R2A	plate07	24
32.33129136111111	0.986	0.15	H1287	anc	A1287_E1287	d	coculture	E01E02	R2A	plate07	24
19.88611277777778	0.5788	0.1528	H1287	evo	A1287_E1287	d	coculture	E01E02	R2A	plate07	24
33.7145595	1.0996666666666668	0.154	H1287	anc	A1287_A1977	d	coculture	E03E04	R2A	plate07	24
6.966141388888889	0.15166666666666667	0.144	H1977	anc	A1287_A1977	d	coculture	E03E04	R2A	plate07	24
35.188079972222226	0.9266000000000001	0.1544	H1287	anc	A1287_E1977	d	coculture	E05E06	R2A	plate07	24
32.083710027777784	1.10725	0.149	H1977	evo	A1287_E1977	d	coculture	E05E06	R2A	plate07	24
29.711424305555557	1.0343333333333333	0.151	H1287	evo	E1287_A1977	d	coculture	E07E08	R2A	plate07	24
7.121748361111111	0.153	0.1462	H1977	anc	E1287_A1977	d	coculture	E07E08	R2A	plate07	24
25.251448194444446	0.7156	0.1576	H1287	evo	E1287_E1977	d	coculture	E09E10	R2A	plate07	24
36.16147625	1.2958	0.146	H1977	evo	E1287_E1977	d	coculture	E09E10	R2A	plate07	24
7.097104305555556	0.15333333333333332	0.146	H1977	anc	A1977_E1977	d	coculture	E11E12	R2A	plate07	24
42.017879444444446	1.5102	0.161	H1977	evo	A1977_E1977	d	coculture	E11E12	R2A	plate07	24
28.668928944444446	0.8416	0.1536	H1287	anc	A1287_E1287	e	coculture	F01F02	R2A	plate07	24
20.825614555555557	0.6032	0.1548	H1287	evo	A1287_E1287	e	coculture	F01F02	R2A	plate07	24
32.58383230555556	1.0773333333333333	0.18833333333333332	H1287	anc	A1287_A1977	e	coculture	F03F04	R2A	plate07	24
6.949930277777778	0.15	0.144	H1977	anc	A1287_A1977	e	coculture	F03F04	R2A	plate07	24
32.381262944444444	0.8644	0.151	H1287	anc	A1287_E1977	e	coculture	F05F06	R2A	plate07	24
34.321044972222225	1.1552	0.1502	H1977	evo	A1287_E1977	e	coculture	F05F06	R2A	plate07	24
33.344066222222224	1.1213333333333333	0.154	H1287	evo	E1287_A1977	e	coculture	F07F08	R2A	plate07	24
7.072121055555556	0.15133333333333332	0.146	H1977	anc	E1287_A1977	e	coculture	F07F08	R2A	plate07	24
25.33441025	0.73739999999999994	0.1598	H1287	evo	E1287_E1977	e	coculture	F09F10	R2A	plate07	24
37.51681308333333	1.3356666666666666	0.157	H1977	evo	E1287_E1977	e	coculture	F09F10	R2A	plate07	24
7.642019027777778	0.1726	0.152	H1977	anc	A1977_E1977	e	coculture	F11F12	R2A	plate07	24
42.54714380555556	1.5072	0.169	H1977	evo	A1977_E1977	e	coculture	F11F12	R2A	plate07	24
28.470335000000002	0.909	0.1528	H1287	anc	A1287_E1287	f	coculture	G01G02	R2A	plate07	24
20.026654861111112	0.572	0.1512	H1287	evo	A1287_E1287	f	coculture	G01G02	R2A	plate07	24
30.23278541666667	1.0253333333333334	0.152	H1287	anc	A1287_A1977	f	coculture	G03G04	R2A	plate07	24
7.340018	0.161	0.15159999999999998	H1977	anc	A1287_A1977	f	coculture	G03G04	R2A	plate07	24
33.45322752777778	0.8996666666666667	0.1508	H1287	anc	A1287_E1977	f	coculture	G05G06	R2A	plate07	24
32.64756997222222	1.0762	0.151	H1977	evo	A1287_E1977	f	coculture	G05G06	R2A	plate07	24
37.22379338888889	1.2036666666666667	0.158	H1287	evo	E1287_A1977	f	coculture	G07G08	R2A	plate07	24
7.627382833333334	0.162	0.156	H1977	anc	E1287_A1977	f	coculture	G07G08	R2A	plate07	24
26.15717377777778	0.788	0.1548	H1287	evo	E1287_E1977	f	coculture	G09G10	R2A	plate07	24
36.14100913888889	1.1956	0.152	H1977	evo	E1287_E1977	f	coculture	G09G10	R2A	plate07	24
7.3777529444444445	0.1582	0.151	H1977	anc	A1977_E1977	f	coculture	G11G12	R2A	plate07	24
41.80030994444444	1.467	0.1582	H1977	evo	A1977_E1977	f	coculture	G11G12	R2A	plate07	24
33.46391447222222	0.9276000000000001	0.14866666666666667	H1287	anc	NA	a	monoculture	B01B02	R2A	plate08	0
20.084711055555555	0.6063333333333333	0.152	NA	NA	NA	a	monoculture	B01B02	R2A	plate08	0
48.141863083333334	1.4612	0.159	H1977	anc	NA	a	monoculture	B03B04	R2A	plate08	0
7.235061611111111	0.15266666666666667	0.15	NA	NA	NA	a	monoculture	B03B04	R2A	plate08	0
36.20824730555556	1.0848	0.1492	H1287	anc	NA	a	monoculture	B05B06	R2A	plate08	4
7.224106	0.151	0.14966666666666667	NA	NA	NA	a	monoculture	B05B06	R2A	plate08	4
44.12415986111111	1.4158	0.1524	H1977	anc	NA	a	monoculture	B07B08	R2A	plate08	4
7.170171916666667	0.15133333333333332	0.149	NA	NA	NA	a	monoculture	B07B08	R2A	plate08	4
37.394200833333336	1.1122	0.149	H1287	anc	NA	a	monoculture	B09B10	R2A	plate08	8
7.664648000000001	0.2032	0.149	NA	NA	NA	a	monoculture	B09B10	R2A	plate08	8
23.573404333333336	1.3484	0.1472	H1977	anc	NA	a	monoculture	B11B12	R2A	plate08	8
7.153627222222222	0.14966666666666667	0.149	NA	NA	NA	a	monoculture	B11B12	R2A	plate08	8
38.905771	1.1363333333333332	0.147	H1287	anc	NA	b	monoculture	C01C02	R2A	plate08	0
7.0333925	0.14766666666666667	0.146	NA	NA	NA	b	monoculture	C01C02	R2A	plate08	0
48.00551441666667	1.535	0.15	H1977	anc	NA	b	monoculture	C03C04	R2A	plate08	0
7.314078833333333	0.1588	0.147	NA	NA	NA	b	monoculture	C03C04	R2A	plate08	0
38.024505250000004	1.122	0.1508	H1287	anc	NA	b	monoculture	C05C06	R2A	plate08	4
6.912618888888889	0.1443333333333333	0.14379999999999998	NA	NA	NA	b	monoculture	C05C06	R2A	plate08	4
45.21726783333334	1.5146	0.144	H1977	anc	NA	b	monoculture	C07C08	R2A	plate08	4
6.806745527777777	0.143	0.14079999999999998	NA	NA	NA	b	monoculture	C07C08	R2A	plate08	4
36.84341605555556	1.1136666666666666	0.147	H1287	anc	NA	b	monoculture	C09C10	R2A	plate08	8
6.864451666666667	0.144	0.142	NA	NA	NA	b	monoculture	C09C10	R2A	plate08	8
20.435163722222224	1.359	0.151	H1977	anc	NA	b	monoculture	C11C12	R2A	plate08	8
7.0067864166666665	0.1484	0.145	NA	NA	NA	b	monoculture	C11C12	R2A	plate08	8
39.038304361111116	1.151	0.16240000000000002	H1287	anc	NA	c	monoculture	D01D02	R2A	plate08	0
7.141421138888889	0.15233333333333332	0.146	NA	NA	NA	c	monoculture	D01D02	R2A	plate08	0
46.83248352777778	1.5183333333333333	0.14859999999999998	H1977	anc	NA	c	monoculture	D03D04	R2A	plate08	0
7.060253472222222	0.1534	0.1445	NA	NA	NA	c	monoculture	D03D04	R2A	plate08	0
36.09838352777778	1.082	0.1524	H1287	anc	NA	c	monoculture	D05D06	R2A	plate08	4
6.886540805555555	0.144	0.14225	NA	NA	NA	c	monoculture	D05D06	R2A	plate08	4
43.12072697222222	1.4246666666666665	0.148	H1977	anc	NA	c	monoculture	D07D08	R2A	plate08	4
7.133143333333333	0.15275	0.147	NA	NA	NA	c	monoculture	D07D08	R2A	plate08	4
37.95505633333334	1.097	0.1546	H1287	anc	NA	c	monoculture	D09D10	R2A	plate08	8
7.021325666666667	0.14833333333333332	0.145	NA	NA	NA	c	monoculture	D09D10	R2A	plate08	8
21.048016000000004	1.3383333333333334	0.145	H1977	anc	NA	c	monoculture	D11D12	R2A	plate08	8
7.1054541944444445	0.1504	0.147	NA	NA	NA	c	monoculture	D11D12	R2A	plate08	8
7.343101666666667	0.155	0.152	NA	NA	NA	a	monoculture	E01E02	R2A	plate08	0
29.197060750000002	0.983	0.154	H1287	evo	NA	a	monoculture	E01E02	R2A	plate08	0
36.71316294444445	1.1688	0.15159999999999998	NA	NA	NA	a	monoculture	E03E04	R2A	plate08	0
31.69814888888889	0.9904	0.15	H1977	evo	NA	a	monoculture	E03E04	R2A	plate08	0
6.946763833333333	0.147	0.144	NA	NA	NA	a	monoculture	E05E06	R2A	plate08	4
26.42826352777778	0.8376666666666667	0.144	H1287	evo	NA	a	monoculture	E05E06	R2A	plate08	4
6.820745555555555	0.143	0.142	NA	NA	NA	a	monoculture	E07E08	R2A	plate08	4
39.09191169444445	1.4363333333333332	0.144	H1977	evo	NA	a	monoculture	E07E08	R2A	plate08	4
7.163471666666667	0.15233333333333332	0.148	NA	NA	NA	a	monoculture	E09E10	R2A	plate08	8
27.029406972222223	0.81033333333333335	0.1512	H1287	evo	NA	a	monoculture	E09E10	R2A	plate08	8
7.078393055555556	0.1488	0.14659999999999998	NA	NA	NA	a	monoculture	E11E12	R2A	plate08	8
41.81694647222223	1.5366666666666666	0.14379999999999998	H1977	evo	NA	a	monoculture	E11E12	R2A	plate08	8
7.101165527777778	0.15	0.147	NA	NA	NA	b	monoculture	F01F02	R2A	plate08	0
32.682546555555554	1.078	0.1472	H1287	evo	NA	b	monoculture	F01F02	R2A	plate08	0
7.1335543333333336	0.16133333333333333	0.147	NA	NA	NA	b	monoculture	F03F04	R2A	plate08	0
42.67787180555556	1.5163333333333333	0.17259999999999998	H1977	evo	NA	b	monoculture	F03F04	R2A	plate08	0
7.007286666666666	0.148	0.1442	NA	NA	NA	b	monoculture	F05F06	R2A	plate08	4
26.376494833333336	0.8013333333333333	0.1544	H1287	evo	NA	b	monoculture	F05F06	R2A	plate08	4
6.96919725	0.146	0.1442	NA	NA	NA	b	monoculture	F07F08	R2A	plate08	4
40.709639638888895	1.4546666666666666	0.15	H1977	evo	NA	b	monoculture	F07F08	R2A	plate08	4
7.110126611111111	0.151	0.14659999999999998	NA	NA	NA	b	monoculture	F09F10	R2A	plate08	8
26.61618763888889	0.7936666666666667	0.147	H1287	evo	NA	b	monoculture	F09F10	R2A	plate08	8
7.137337777777778	0.15259999999999999	0.147	NA	NA	NA	b	monoculture	F11F12	R2A	plate08	8
41.90160111111111	1.5196	0.1482	H1977	evo	NA	b	monoculture	F11F12	R2A	plate08	8
7.084248416666666	0.1492	0.147	NA	NA	NA	c	monoculture	G01G02	R2A	plate08	0
31.874745472222223	1.052	0.14759999999999998	H1287	evo	NA	c	monoculture	G01G02	R2A	plate08	0
8.974636444444444	0.2696	0.145	NA	NA	NA	c	monoculture	G03G04	R2A	plate08	0
42.87772922222223	1.4684	0.1538	H1977	evo	NA	c	monoculture	G03G04	R2A	plate08	0
7.174899694444444	0.15066666666666667	0.1482	NA	NA	NA	c	monoculture	G05G06	R2A	plate08	4
23.969323111111112	0.7086666666666667	0.147	H1287	evo	NA	c	monoculture	G05G06	R2A	plate08	4
6.834245833333333	0.143	0.1414	NA	NA	NA	c	monoculture	G07G08	R2A	plate08	4
40.513975388888895	1.4512	0.14679999999999999	H1977	evo	NA	c	monoculture	G07G08	R2A	plate08	4
7.15295475	0.15333333333333332	0.148	NA	NA	NA	c	monoculture	G09G10	R2A	plate08	8
26.96609641666667	0.8693333333333333	0.16166666666666668	H1287	evo	NA	c	monoculture	G09G10	R2A	plate08	8
7.048525888888888	0.14866666666666667	0.146	NA	NA	NA	c	monoculture	G11G12	R2A	plate08	8
42.43302230555556	1.4912	0.1492	H1977	evo	NA	c	monoculture	G11G12	R2A	plate08	8
34.475991472222226	1.0553333333333332	0.151	H1287	anc	NA	a	monoculture	B01B02	R2A	plate09	12
6.926619083333333	0.145	0.1434	NA	NA	NA	a	monoculture	B01B02	R2A	plate09	12
37.02162033333334	1.3921999999999999	0.14959999999999998	H1977	anc	NA	a	monoculture	B03B04	R2A	plate09	12
7.059726277777778	0.148	0.14579999999999999	NA	NA	NA	a	monoculture	B03B04	R2A	plate09	12
36.781167833333335	1.0622	0.141	H1287	anc	NA	a	monoculture	B05B06	R2A	plate09	16
6.886390861111111	0.144	0.143	NA	NA	NA	a	monoculture	B05B06	R2A	plate09	16
26.868959722222225	1.3446666666666667	0.142	H1977	anc	NA	a	monoculture	B07B08	R2A	plate09	16
6.672304944444445	0.14	0.138	NA	NA	NA	a	monoculture	B07B08	R2A	plate09	16
36.562283972222225	1.096	0.154	H1287	anc	NA	a	monoculture	B09B10	R2A	plate09	24
7.045453805555556	0.1474	0.1462	NA	NA	NA	a	monoculture	B09B10	R2A	plate09	24
7.033081138888889	0.149	0.145	H1977	anc	NA	a	monoculture	B11B12	R2A	plate09	24
7.079159472222222	0.149	0.147	NA	NA	NA	a	monoculture	B11B12	R2A	plate09	24
34.960425083333334	1.0626666666666666	0.148	H1287	anc	NA	b	monoculture	C01C02	R2A	plate09	12
6.855396027777777	0.143	0.142	NA	NA	NA	b	monoculture	C01C02	R2A	plate09	12
35.42201630555556	1.4676666666666667	0.1482	H1977	anc	NA	b	monoculture	C03C04	R2A	plate09	12
6.915390944444444	0.14566666666666667	0.1432	NA	NA	NA	b	monoculture	C03C04	R2A	plate09	12
35.39831247222222	0.9668	0.1452	H1287	anc	NA	b	monoculture	C05C06	R2A	plate09	16
23.164971555555557	0.6828000000000001	0.146	NA	NA	NA	b	monoculture	C05C06	R2A	plate09	16
25.940344972222224	1.2916	0.14	H1977	anc	NA	b	monoculture	C07C08	R2A	plate09	16
13.068398555555557	0.7106666666666667	0.1376	NA	NA	NA	b	monoculture	C07C08	R2A	plate09	16
35.43482358333333	1.0806666666666667	0.14666666666666667	H1287	anc	NA	b	monoculture	C09C10	R2A	plate09	24
7.126787972222222	0.15033333333333332	0.147	NA	NA	NA	b	monoculture	C09C10	R2A	plate09	24
8.460810638888889	0.19266666666666668	0.143	H1977	anc	NA	b	monoculture	C11C12	R2A	plate09	24
7.106454444444444	0.14933333333333332	0.148	NA	NA	NA	b	monoculture	C11C12	R2A	plate09	24
34.312543000000005	1.015	0.1502	H1287	anc	NA	c	monoculture	D01D02	R2A	plate09	12
6.852745888888888	0.144	0.14179999999999998	NA	NA	NA	c	monoculture	D01D02	R2A	plate09	12
34.125555694444444	1.395	0.14359999999999998	H1977	anc	NA	c	monoculture	D03D04	R2A	plate09	12
6.914452083333333	0.14533333333333331	0.1432	NA	NA	NA	c	monoculture	D03D04	R2A	plate09	12
37.56798041666667	1.1206666666666667	0.143	H1287	anc	NA	c	monoculture	D05D06	R2A	plate09	16
6.914224416666666	0.14566666666666667	0.143	NA	NA	NA	c	monoculture	D05D06	R2A	plate09	16
24.59075344444445	1.3643333333333334	0.144	H1977	anc	NA	c	monoculture	D07D08	R2A	plate09	16
6.8957242222222215	0.144	0.143	NA	NA	NA	c	monoculture	D07D08	R2A	plate09	16
35.06859797222222	1.047	0.149	H1287	anc	NA	c	monoculture	D09D10	R2A	plate09	24
7.092270888888889	0.14933333333333332	0.147	NA	NA	NA	c	monoculture	D09D10	R2A	plate09	24
7.0625816666666665	0.148	0.14679999999999999	H1977	anc	NA	c	monoculture	D11D12	R2A	plate09	24
7.273872861111111	0.15466666666666667	0.14959999999999998	NA	NA	NA	c	monoculture	D11D12	R2A	plate09	24
6.8754517222222225	0.1443333333333333	0.143	NA	NA	NA	a	monoculture	E01E02	R2A	plate09	12
24.95049280555556	0.7803333333333333	0.146	H1287	evo	NA	a	monoculture	E01E02	R2A	plate09	12
7.006892194444444	0.14666666666666667	0.14559999999999998	NA	NA	NA	a	monoculture	E03E04	R2A	plate09	12
42.140043194444445	1.4796	0.147	H1977	evo	NA	a	monoculture	E03E04	R2A	plate09	12
7.061770638888889	0.14933333333333332	0.146	NA	NA	NA	a	monoculture	E05E06	R2A	plate09	16
25.703708472222225	0.757	0.1412	H1287	evo	NA	a	monoculture	E05E06	R2A	plate09	16
7.422791444444445	0.1978	0.143	NA	NA	NA	a	monoculture	E07E08	R2A	plate09	16
42.38995380555556	1.4896666666666667	0.142	H1977	evo	NA	a	monoculture	E07E08	R2A	plate09	16
6.856890249999999	0.14366666666666666	0.142	NA	NA	NA	a	monoculture	E09E10	R2A	plate09	24
28.74148652777778	0.9076666666666667	0.1504	H1287	evo	NA	a	monoculture	E09E10	R2A	plate09	24
7.4359578611111115	0.15933333333333333	0.1528	NA	NA	NA	a	monoculture	E11E12	R2A	plate09	24
39.43107341666667	1.4592	0.149	H1977	evo	NA	a	monoculture	E11E12	R2A	plate09	24
6.874140611111111	0.14479999999999998	0.143	NA	NA	NA	b	monoculture	F01F02	R2A	plate09	12
24.221653194444446	0.7433333333333333	0.147	H1287	evo	NA	b	monoculture	F01F02	R2A	plate09	12
7.037081361111111	0.149	0.145	NA	NA	NA	b	monoculture	F03F04	R2A	plate09	12
42.05696097222223	1.531	0.141	H1977	evo	NA	b	monoculture	F03F04	R2A	plate09	12
6.989769722222222	0.14933333333333332	0.144	NA	NA	NA	b	monoculture	F05F06	R2A	plate09	16
25.32252286111111	0.748	0.146	H1287	evo	NA	b	monoculture	F05F06	R2A	plate09	16
6.854912722222222	0.144	0.142	NA	NA	NA	b	monoculture	F07F08	R2A	plate09	16
41.88985852777778	1.4913333333333334	0.148	H1977	evo	NA	b	monoculture	F07F08	R2A	plate09	16
6.816556666666666	0.14266666666666666	0.142	NA	NA	NA	b	monoculture	F09F10	R2A	plate09	24
27.950159138888893	0.8783333333333333	0.144	H1287	evo	NA	b	monoculture	F09F10	R2A	plate09	24
7.213416694444445	0.152	0.1498	NA	NA	NA	b	monoculture	F11F12	R2A	plate09	24
41.31667702777778	1.4674	0.1492	H1977	evo	NA	b	monoculture	F11F12	R2A	plate09	24
7.065270555555555	0.15033333333333332	0.14575	NA	NA	NA	c	monoculture	G01G02	R2A	plate09	12
24.719152611111113	0.785	0.14279999999999998	H1287	evo	NA	c	monoculture	G01G02	R2A	plate09	12
7.125726666666666	0.152	0.14766666666666667	NA	NA	NA	c	monoculture	G03G04	R2A	plate09	12
42.57408963888889	1.5058	0.146	H1977	evo	NA	c	monoculture	G03G04	R2A	plate09	12
6.916457611111111	0.14666666666666667	0.143	NA	NA	NA	c	monoculture	G05G06	R2A	plate09	16
25.079843833333335	0.765	0.148	H1287	evo	NA	c	monoculture	G05G06	R2A	plate09	16
7.165121666666667	0.15033333333333332	0.149	NA	NA	NA	c	monoculture	G07G08	R2A	plate09	16
41.10159622222223	1.437	0.15	H1977	evo	NA	c	monoculture	G07G08	R2A	plate09	16
14.904493472222224	0.553	0.144	NA	NA	NA	c	monoculture	G09G10	R2A	plate09	24
24.546827722222222	0.7046666666666667	0.14459999999999998	H1287	evo	NA	c	monoculture	G09G10	R2A	plate09	24
6.958619527777778	0.146	0.144	NA	NA	NA	c	monoculture	G11G12	R2A	plate09	24
43.328773527777784	1.5084	0.14559999999999998	H1977	evo	NA	c	monoculture	G11G12	R2A	plate09	24
28.292871722222223	0.8046000000000001	0.1422	H1287	anc	A1287_E1287	a	coculture	B01B02	R2A	plate10	64
21.682901694444446	0.6266	0.15159999999999998	H1287	evo	A1287_E1287	a	coculture	B01B02	R2A	plate10	64
26.25436525	0.7183333333333333	0.1535	H1287	anc	A1287_E1977	a	coculture	B03B04	R2A	plate10	64
34.71156886111111	1.134	0.145	H1977	evo	A1287_E1977	a	coculture	B03B04	R2A	plate10	64
23.92248302777778	0.6736000000000001	0.14959999999999998	H1287	evo	E1287_E1977	a	coculture	B05B06	R2A	plate10	64
36.84913983333334	1.2698	0.14559999999999998	H1977	evo	E1287_E1977	a	coculture	B05B06	R2A	plate10	64
22.63210813888889	0.714	0.15275	H1287	anc	A1287_E1287	a	coculture	B07B08	R2A	plate10	256
25.56940238888889	0.7802	0.1492	H1287	evo	A1287_E1287	a	coculture	B07B08	R2A	plate10	256
25.017914611111113	0.722	0.15	H1287	anc	A1287_E1977	a	coculture	B09B10	R2A	plate10	256
37.88509997222223	1.2468000000000001	0.152	H1977	evo	A1287_E1977	a	coculture	B09B10	R2A	plate10	256
23.122328500000002	0.6938	0.15	H1287	evo	E1287_E1977	a	coculture	B11B12	R2A	plate10	256
41.536182555555555	1.3644	0.2783333333333333	H1977	evo	E1287_E1977	a	coculture	B11B12	R2A	plate10	256
28.15404738888889	0.8453333333333333	0.148	H1287	anc	A1287_E1287	b	coculture	C01C02	R2A	plate10	64
21.53360388888889	0.6358	0.153	H1287	evo	A1287_E1287	b	coculture	C01C02	R2A	plate10	64
32.83488122222222	0.8726	0.156	H1287	anc	A1287_E1977	b	coculture	C03C04	R2A	plate10	64
34.58198602777778	1.195	0.146	H1977	evo	A1287_E1977	b	coculture	C03C04	R2A	plate10	64
25.55600102777778	0.742	0.143	H1287	evo	E1287_E1977	b	coculture	C05C06	R2A	plate10	64
38.48162286111111	1.2916	0.143	H1977	evo	E1287_E1977	b	coculture	C05C06	R2A	plate10	64
28.503075083333336	0.8686	0.1494	H1287	anc	A1287_E1287	b	coculture	C07C08	R2A	plate10	256
25.356780722222222	0.7478	0.1454	H1287	evo	A1287_E1287	b	coculture	C07C08	R2A	plate10	256
26.932790166666667	0.7728	0.15166666666666667	H1287	anc	A1287_E1977	b	coculture	C09C10	R2A	plate10	256
38.64439294444445	1.26	0.142	H1977	evo	A1287_E1977	b	coculture	C09C10	R2A	plate10	256
25.27971313888889	0.7424	0.149	H1287	evo	E1287_E1977	b	coculture	C11C12	R2A	plate10	256
39.70775211111111	1.325	0.1828	H1977	evo	E1287_E1977	b	coculture	C11C12	R2A	plate10	256
28.42878486111111	0.8442	0.14679999999999999	H1287	anc	A1287_E1287	c	coculture	D01D02	R2A	plate10	64
22.665454555555556	0.6796000000000001	0.1488	H1287	evo	A1287_E1287	c	coculture	D01D02	R2A	plate10	64
29.951941861111113	0.8072	0.14679999999999999	H1287	anc	A1287_E1977	c	coculture	D03D04	R2A	plate10	64
38.59631375	1.2862	0.165	H1977	evo	A1287_E1977	c	coculture	D03D04	R2A	plate10	64
27.400851583333335	0.7744	0.1546	H1287	evo	E1287_E1977	c	coculture	D05D06	R2A	plate10	64
39.61959975	1.3302	0.1678	H1977	evo	E1287_E1977	c	coculture	D05D06	R2A	plate10	64
27.769841583333335	0.8548	0.1686666666666667	H1287	anc	A1287_E1287	c	coculture	D07D08	R2A	plate10	256
27.61271691666667	0.8146	0.158	H1287	evo	A1287_E1287	c	coculture	D07D08	R2A	plate10	256
27.385265333333336	0.7646000000000001	0.15633333333333332	H1287	anc	A1287_E1977	c	coculture	D09D10	R2A	plate10	256
39.822256083333336	1.3386	0.1652	H1977	evo	A1287_E1977	c	coculture	D09D10	R2A	plate10	256
27.010317944444445	0.7506	0.16	H1287	evo	E1287_E1977	c	coculture	D11D12	R2A	plate10	256
38.40392338888889	1.3142	0.154	H1977	evo	E1287_E1977	c	coculture	D11D12	R2A	plate10	256
27.937933	0.8358	0.156	H1287	anc	A1287_E1287	d	coculture	E01E02	R2A	plate10	64
21.91712552777778	0.6586000000000001	0.146	H1287	evo	A1287_E1287	d	coculture	E01E02	R2A	plate10	64
28.439340333333334	0.7764	0.143	H1287	anc	A1287_E1977	d	coculture	E03E04	R2A	plate10	64
37.268290444444446	1.2604	0.1522	H1977	evo	A1287_E1977	d	coculture	E03E04	R2A	plate10	64
24.015118166666667	0.7033999999999999	0.152	H1287	evo	E1287_E1977	d	coculture	E05E06	R2A	plate10	64
39.11235286111111	1.367	0.148	H1977	evo	E1287_E1977	d	coculture	E05E06	R2A	plate10	64
28.793736527777778	0.8376	0.1454	H1287	anc	A1287_E1287	d	coculture	E07E08	R2A	plate10	256
26.350561444444445	0.7678	0.14759999999999998	H1287	evo	A1287_E1287	d	coculture	E07E08	R2A	plate10	256
26.894005444444446	0.7582	0.1452	H1287	anc	A1287_E1977	d	coculture	E09E10	R2A	plate10	256
38.81225241666667	1.291	0.15159999999999998	H1977	evo	A1287_E1977	d	coculture	E09E10	R2A	plate10	256
25.624413194444447	0.7173999999999999	0.1432	H1287	evo	E1287_E1977	d	coculture	E11E12	R2A	plate10	256
37.86920366666667	1.326	0.15259999999999999	H1977	evo	E1287_E1977	d	coculture	E11E12	R2A	plate10	256
26.493333305555556	0.7818	0.15266666666666667	H1287	anc	A1287_E1287	e	coculture	F01F02	R2A	plate10	64
22.417063416666668	0.6642	0.151	H1287	evo	A1287_E1287	e	coculture	F01F02	R2A	plate10	64
28.635105583333335	0.7686000000000001	0.1498	H1287	anc	A1287_E1977	e	coculture	F03F04	R2A	plate10	64
37.625399083333335	1.271	0.151	H1977	evo	A1287_E1977	e	coculture	F03F04	R2A	plate10	64
23.808764916666668	0.6993999999999999	0.146	H1287	evo	E1287_E1977	e	coculture	F05F06	R2A	plate10	64
39.027832611111116	1.3318	0.1474	H1977	evo	E1287_E1977	e	coculture	F05F06	R2A	plate10	64
28.715658305555557	0.8483999999999999	0.15	H1287	anc	A1287_E1287	e	coculture	F07F08	R2A	plate10	256
25.419601500000002	0.7626000000000001	0.145	H1287	evo	A1287_E1287	e	coculture	F07F08	R2A	plate10	256
25.872158583333334	0.7353999999999999	0.146	H1287	anc	A1287_E1977	e	coculture	F09F10	R2A	plate10	256
40.053705750000006	1.3324	0.161	H1977	evo	A1287_E1977	e	coculture	F09F10	R2A	plate10	256
25.91062202777778	0.7504	0.149	H1287	evo	E1287_E1977	e	coculture	F11F12	R2A	plate10	256
38.411582888888894	1.3024	0.152	H1977	evo	E1287_E1977	e	coculture	F11F12	R2A	plate10	256
26.178782833333337	0.783	0.1454	H1287	anc	A1287_E1287	f	coculture	G01G02	R2A	plate10	64
21.51199516666667	0.628	0.15	H1287	evo	A1287_E1287	f	coculture	G01G02	R2A	plate10	64
28.56679275	0.7638	0.146	H1287	anc	A1287_E1977	f	coculture	G03G04	R2A	plate10	64
36.7997985	1.2272	0.155	H1977	evo	A1287_E1977	f	coculture	G03G04	R2A	plate10	64
22.976204722222224	0.6386000000000001	0.15	H1287	evo	E1287_E1977	f	coculture	G05G06	R2A	plate10	64
38.69800175	1.3012	0.151	H1977	evo	E1287_E1977	f	coculture	G05G06	R2A	plate10	64
23.697181888888892	0.7516	0.1472	H1287	anc	A1287_E1287	f	coculture	G07G08	R2A	plate10	256
26.682313722222226	0.7958000000000001	0.148	H1287	evo	A1287_E1287	f	coculture	G07G08	R2A	plate10	256
24.23661736111111	0.6913999999999999	0.1482	H1287	anc	A1287_E1977	f	coculture	G09G10	R2A	plate10	256
38.315403	1.3042	0.143	H1977	evo	A1287_E1977	f	coculture	G09G10	R2A	plate10	256
25.507695944444446	0.7482	0.14579999999999999	H1287	evo	E1287_E1977	f	coculture	G11G12	R2A	plate10	256
39.648005000000005	1.3998	0.147	H1977	evo	E1287_E1977	f	coculture	G11G12	R2A	plate10	256
25.472209583333335	0.7548	0.1452	H1287	evo	E1287_E1977	a	coculture	B01B02	R2A	plate11	1024
35.669055666666665	1.2147999999999999	0.1502	H1977	evo	E1287_E1977	a	coculture	B01B02	R2A	plate11	1024
30.21014113888889	1.048	0.152	H1287	evo	NA	a	monoculture	B03B04	R2A	plate11	1024
7.032726	0.14766666666666667	0.146	NA	NA	NA	a	monoculture	B03B04	R2A	plate11	1024
23.938200944444446	0.693	0.147	H1287	evo	E1287_E1977	a	coculture	B05B06	R2A	plate11	4096
35.11094663888889	1.2406	0.143	H1977	evo	E1287_E1977	a	coculture	B05B06	R2A	plate11	4096
26.77791702777778	0.8903333333333333	0.143	H1287	evo	NA	a	monoculture	B07B08	R2A	plate11	4096
6.969180833333333	0.14733333333333332	0.14366666666666666	NA	NA	NA	a	monoculture	B07B08	R2A	plate11	4096
28.881838416666668	0.9296666666666668	0.149	H1287	evo	NA	a	monoculture	B09B10	R2A	plate11	64
6.895240833333333	0.144	0.143	NA	NA	NA	a	monoculture	B09B10	R2A	plate11	64
30.682799777777777	1.029	0.154	H1287	evo	NA	a	monoculture	B11B12	R2A	plate11	256
7.067120555555555	0.14833333333333332	0.147	NA	NA	NA	a	monoculture	B11B12	R2A	plate11	256
26.562656500000003	0.8002	0.15133333333333332	H1287	evo	E1287_E1977	b	coculture	C01C02	R2A	plate11	1024
37.326323111111115	1.2656	0.146	H1977	evo	E1287_E1977	b	coculture	C01C02	R2A	plate11	1024
28.934877583333336	0.9453333333333332	0.14466666666666667	H1287	evo	NA	b	monoculture	C03C04	R2A	plate11	1024
6.924896777777778	0.145	0.144	NA	NA	NA	b	monoculture	C03C04	R2A	plate11	1024
26.144310694444446	0.7642	0.141	H1287	evo	E1287_E1977	b	coculture	C05C06	R2A	plate11	4096
35.65163319444445	1.2426000000000001	0.1432	H1977	evo	E1287_E1977	b	coculture	C05C06	R2A	plate11	4096
28.120328833333335	0.9253333333333333	0.152	H1287	evo	NA	b	monoculture	C07C08	R2A	plate11	4096
6.971914166666666	0.147	0.144	NA	NA	NA	b	monoculture	C07C08	R2A	plate11	4096
28.845831194444447	0.875	0.152	H1287	evo	NA	b	monoculture	C09C10	R2A	plate11	64
7.421458055555556	0.15533333333333332	0.154	NA	NA	NA	b	monoculture	C09C10	R2A	plate11	64
31.281853972222223	1.0556666666666668	0.1514	H1287	evo	NA	b	monoculture	C11C12	R2A	plate11	256
7.042453888888889	0.15033333333333332	0.145	NA	NA	NA	b	monoculture	C11C12	R2A	plate11	256
26.194178416666666	0.7958000000000001	0.1454	H1287	evo	E1287_E1977	c	coculture	D01D02	R2A	plate11	1024
38.400040805555555	1.298	0.141	H1977	evo	E1287_E1977	c	coculture	D01D02	R2A	plate11	1024
29.77709025	1.0013333333333332	0.149	H1287	evo	NA	c	monoculture	D03D04	R2A	plate11	1024
6.794078666666667	0.143	0.141	NA	NA	NA	c	monoculture	D03D04	R2A	plate11	1024
26.564503472222224	0.7748	0.15	H1287	evo	E1287_E1977	c	coculture	D05D06	R2A	plate11	4096
35.086067250000006	1.2296	0.1412	H1977	evo	E1287_E1977	c	coculture	D05D06	R2A	plate11	4096
27.801901111111114	0.9186666666666667	0.146	H1287	evo	NA	c	monoculture	D07D08	R2A	plate11	4096
6.89558	0.145	0.142	NA	NA	NA	c	monoculture	D07D08	R2A	plate11	4096
28.40300213888889	0.8556666666666667	0.145	H1287	evo	NA	c	monoculture	D09D10	R2A	plate11	64
7.051787222222222	0.15333333333333332	0.144	NA	NA	NA	c	monoculture	D09D10	R2A	plate11	64
28.665293444444448	0.857	0.14659999999999998	H1287	evo	NA	c	monoculture	D11D12	R2A	plate11	256
7.070793083333333	0.15166666666666667	0.14559999999999998	NA	NA	NA	c	monoculture	D11D12	R2A	plate11	256
25.54891925	0.7728	0.148	H1287	evo	E1287_E1977	d	coculture	E01E02	R2A	plate11	1024
36.19761533333334	1.275	0.1432	H1977	evo	E1287_E1977	d	coculture	E01E02	R2A	plate11	1024
6.954952611111111	0.14733333333333332	0.144	NA	NA	NA	a	monoculture	E03E04	R2A	plate11	1024
39.75224655555556	1.4493333333333334	0.147	H1977	evo	NA	a	monoculture	E03E04	R2A	plate11	1024
26.44022275	0.7784	0.141	H1287	evo	E1287_E1977	d	coculture	E05E06	R2A	plate11	4096
33.53554177777778	1.186	0.146	H1977	evo	E1287_E1977	d	coculture	E05E06	R2A	plate11	4096
9.474841416666667	0.2736	0.143	NA	NA	NA	a	monoculture	E07E08	R2A	plate11	4096
51.137955194444444	1.3886	0.7193999999999999	H1977	evo	NA	a	monoculture	E07E08	R2A	plate11	4096
6.953058333333333	0.14866666666666667	0.143	NA	NA	NA	a	monoculture	E09E10	R2A	plate11	64
41.18311527777778	1.4774	0.1474	H1977	evo	NA	a	monoculture	E09E10	R2A	plate11	64
7.0443987777777775	0.1504	0.144	NA	NA	NA	a	monoculture	E11E12	R2A	plate11	256
40.69465897222223	1.453	0.151	H1977	evo	NA	a	monoculture	E11E12	R2A	plate11	256
24.791970194444445	0.7654	0.14259999999999998	H1287	evo	E1287_E1977	e	coculture	F01F02	R2A	plate11	1024
37.51189775	1.2796	0.147	H1977	evo	E1287_E1977	e	coculture	F01F02	R2A	plate11	1024
6.81589	0.1423333333333333	0.14179999999999998	NA	NA	NA	b	monoculture	F03F04	R2A	plate11	1024
40.52434219444445	1.5104	0.1444	H1977	evo	NA	b	monoculture	F03F04	R2A	plate11	1024
27.002905861111113	0.779	0.1442	H1287	evo	E1287_E1977	e	coculture	F05F06	R2A	plate11	4096
34.44010366666667	1.2113333333333334	0.151	H1977	evo	E1287_E1977	e	coculture	F05F06	R2A	plate11	4096
6.816078888888889	0.1422	0.14179999999999998	NA	NA	NA	b	monoculture	F07F08	R2A	plate11	4096
38.163270277777784	1.47	0.14459999999999998	H1977	evo	NA	b	monoculture	F07F08	R2A	plate11	4096
6.944580277777778	0.145	0.144	NA	NA	NA	b	monoculture	F09F10	R2A	plate11	64
43.59400869444445	1.5644	0.147	H1977	evo	NA	b	monoculture	F09F10	R2A	plate11	64
6.933913611111111	0.145	0.144	NA	NA	NA	b	monoculture	F11F12	R2A	plate11	256
40.70459925	1.4644000000000001	0.159	H1977	evo	NA	b	monoculture	F11F12	R2A	plate11	256
25.47881316666667	0.7684	0.14166666666666666	H1287	evo	E1287_E1977	f	coculture	G01G02	R2A	plate11	1024
35.12501127777778	1.22	0.145	H1977	evo	E1287_E1977	f	coculture	G01G02	R2A	plate11	1024
6.969458527777777	0.14733333333333332	0.144	NA	NA	NA	c	monoculture	G03G04	R2A	plate11	1024
39.417358944444445	1.4146	0.143	H1977	evo	NA	c	monoculture	G03G04	R2A	plate11	1024
25.978446722222223	0.752	0.143	H1287	evo	E1287_E1977	f	coculture	G05G06	R2A	plate11	4096
34.527698694444446	1.1826	0.14959999999999998	H1977	evo	E1287_E1977	f	coculture	G05G06	R2A	plate11	4096
7.085993861111111	0.1532	0.145	NA	NA	NA	c	monoculture	G07G08	R2A	plate11	4096
37.027228	1.3334	0.146	H1977	evo	NA	c	monoculture	G07G08	R2A	plate11	4096
7.135560555555555	0.15166666666666667	0.147	NA	NA	NA	c	monoculture	G09G10	R2A	plate11	64
41.59750591666667	1.4476	0.149	H1977	evo	NA	c	monoculture	G09G10	R2A	plate11	64
6.969041777777777	0.147	0.1442	NA	NA	NA	c	monoculture	G11G12	R2A	plate11	256
42.25184636111111	1.4864	0.15	H1977	evo	NA	c	monoculture	G11G12	R2A	plate11	256
